start,end,sequence,protein,binding_type,description,confidence,merged,conservation_boost,conservation_overlap
1398,1407,CACCUAAACU,hnRNP/hnRNP/hnRNP/RdRp/hnRNP/hnRNP/TIA1,rich_region+rich_region+rich_region+known_motif+rich_region+rich_region+rich_region,CA-rich region + CA-rich region + CA-rich region + RdRp模板结合位点 + CA-rich region + UA-rich region + AU-rich region,1.0,True,,
1879,1890,GGUAAUUAUACA,RdRp/hnRNP/TIA1/hnRNP/TIA1/hnRNP/TIA1/hnRNP/TIA1/hnRNP/TIA1/hnRNP/TIA1,known_motif+rich_region+rich_region+rich_region+rich_region+rich_region+rich_region+rich_region+rich_region+rich_region+rich_region+rich_region+rich_region,RdRp启动子识别序列 + UA-rich region + AU-rich region + UA-rich region + AU-rich region + UA-rich region + AU-rich region + UA-rich region + AU-rich region + UA-rich region + AU-rich region + UA-rich region + AU-rich region,1.0,True,,
1997,2034,UUGUUUUAGAUUUCAUCUAAACGAACAAACUAAAAUGU,hnRNP/TIA1/hnRNP/TIA1/hnRNP/TIA1/hnRNP/TIA1/RNA_helicase/hnRNP/TIA1/hnRNP/TIA1/hnRNP/TIA1/hnRNP/TIA1/hnRNP/TIA1/hnRNP/TIA1/hnRNP/TIA1/hnRNP/TIA1/RdRp/hnRNP/hnRNP/SR_protein/hnRNP/SR_protein/hnRNP/hnRNP/hnRNP/SR_protein/hnRNP/hnRNP/SR_protein/TIA1/hnRNP/hnRNP/hnRNP/hnRNP/TIA1/hnRNP/hnRNP/TIA1/hnRNP/hnRNP/TIA1/hnRNP/hnRNP/TIA1/hnRNP/TIA1/hnRNP/SR_protein/TIA1/hnRNP/TIA1,rich_region+rich_region+rich_region+rich_region+rich_region+rich_region+rich_region+rich_region+poly_region+rich_region+rich_region+rich_region+rich_region+rich_region+rich_region+rich_region+rich_region+rich_region+rich_region+rich_region+rich_region+rich_region+rich_region+rich_region+rich_region+known_motif+rich_region+rich_region+rich_region+rich_region+rich_region+rich_region+rich_region+rich_region+rich_region+rich_region+rich_region+rich_region+rich_region+rich_region+rich_region+rich_region+rich_region+rich_region+rich_region+rich_region+rich_region+rich_region+rich_region+rich_region+rich_region+rich_region+rich_region+rich_region+rich_region+rich_region+rich_region+rich_region+rich_region+rich_region,UA-rich region + AU-rich region + UA-rich region + AU-rich region + UA-rich region + AU-rich region + UA-rich region + AU-rich region + poly-U region + UA-rich region + AU-rich region + UA-rich region + AU-rich region + UA-rich region + AU-rich region + UA-rich region + AU-rich region + UA-rich region + AU-rich region + UA-rich region + AU-rich region + UA-rich region + AU-rich region + UA-rich region + AU-rich region + RdRp模板结合位点 + CA-rich region + CA-rich region + GA-rich region + CA-rich region + GA-rich region + CA-rich region + CA-rich region + CA-rich region + GA-rich region + UA-rich region + CA-rich region + GA-rich region + AU-rich region + CA-rich region + CA-rich region + UA-rich region + CA-rich region + AU-rich region + UA-rich region + CA-rich region + AU-rich region + UA-rich region + CA-rich region + AU-rich region + UA-rich region + CA-rich region + AU-rich region + UA-rich region + AU-rich region + UA-rich region + GA-rich region + AU-rich region + UA-rich region + AU-rich region,1.0,True,,
2325,2339,GGUAAAAUGAAAGAU,RdRp/SR_protein/hnRNP/SR_protein/TIA1/hnRNP/TIA1/hnRNP/SR_protein/TIA1/hnRNP/SR_protein/TIA1/hnRNP/SR_protein/TIA1/hnRNP/SR_protein/TIA1/SR_protein/SR_protein/hnRNP/SR_protein/TIA1,known_motif+rich_region+rich_region+rich_region+rich_region+rich_region+rich_region+rich_region+rich_region+rich_region+rich_region+rich_region+rich_region+rich_region+rich_region+rich_region+rich_region+rich_region+rich_region+rich_region+rich_region+rich_region+rich_region+rich_region,RdRp启动子识别序列 + GA-rich region + UA-rich region + GA-rich region + AU-rich region + UA-rich region + AU-rich region + UA-rich region + GA-rich region + AU-rich region + UA-rich region + GA-rich region + AU-rich region + UA-rich region + GA-rich region + AU-rich region + UA-rich region + GA-rich region + AU-rich region + GA-rich region + GA-rich region + UA-rich region + GA-rich region + AU-rich region,1.0,True,,
2736,2765,GGUAAAGGCCAACAACAACAAGGCCAAACU,RdRp/SR_protein/SR_protein/SR_protein/SR_protein/hnRNP/hnRNP/hnRNP/hnRNP/hnRNP/hnRNP/hnRNP/hnRNP/hnRNP/hnRNP/SR_protein/SR_protein/hnRNP/hnRNP/hnRNP,known_motif+rich_region+rich_region+rich_region+rich_region+rich_region+rich_region+rich_region+rich_region+rich_region+rich_region+rich_region+rich_region+rich_region+rich_region+rich_region+rich_region+rich_region+rich_region+rich_region,RdRp启动子识别序列 + GA-rich region + GA-rich region + GA-rich region + GA-rich region + CA-rich region + CA-rich region + CA-rich region + CA-rich region + CA-rich region + CA-rich region + CA-rich region + CA-rich region + CA-rich region + CA-rich region + GA-rich region + GA-rich region + CA-rich region + CA-rich region + CA-rich region,1.0,True,,
225,257,UCUAAACGAACUAAAUAUUAUAUUAGUUUUUCU,hnRNP/TIA1/RdRp/hnRNP/hnRNP/SR_protein/hnRNP/SR_protein/hnRNP/hnRNP/hnRNP/TIA1/hnRNP/hnRNP/TIA1/hnRNP/TIA1/hnRNP/TIA1/hnRNP/TIA1/hnRNP/TIA1/hnRNP/TIA1/hnRNP/TIA1/hnRNP/TIA1/hnRNP/TIA1/hnRNP/TIA1/hnRNP/TIA1/hnRNP/TIA1/hnRNP/TIA1/hnRNP/TIA1/hnRNP/TIA1/hnRNP/TIA1/hnRNP/TIA1/hnRNP/TIA1/RNA_helicase/hnRNP/TIA1,rich_region+rich_region+known_motif+rich_region+rich_region+rich_region+rich_region+rich_region+rich_region+rich_region+rich_region+rich_region+rich_region+rich_region+rich_region+rich_region+rich_region+rich_region+rich_region+rich_region+rich_region+rich_region+rich_region+rich_region+rich_region+rich_region+rich_region+rich_region+rich_region+rich_region+rich_region+rich_region+rich_region+rich_region+rich_region+rich_region+rich_region+rich_region+rich_region+rich_region+rich_region+rich_region+rich_region+rich_region+rich_region+rich_region+rich_region+rich_region+rich_region+poly_region+rich_region+rich_region,UA-rich region + AU-rich region + RdRp模板结合位点 + CA-rich region + CA-rich region + GA-rich region + CA-rich region + GA-rich region + CA-rich region + UA-rich region + CA-rich region + AU-rich region + UA-rich region + CA-rich region + AU-rich region + UA-rich region + AU-rich region + UA-rich region + AU-rich region + UA-rich region + AU-rich region + UA-rich region + AU-rich region + UA-rich region + AU-rich region + UA-rich region + AU-rich region + UA-rich region + AU-rich region + UA-rich region + AU-rich region + UA-rich region + AU-rich region + UA-rich region + AU-rich region + UA-rich region + AU-rich region + UA-rich region + AU-rich region + UA-rich region + AU-rich region + UA-rich region + AU-rich region + UA-rich region + AU-rich region + UA-rich region + AU-rich region + UA-rich region + AU-rich region + poly-U region + UA-rich region + AU-rich region,0.9,True,,
1636,1686,CACGCCUAAACGAACAUGAAAUUUCUUGUUUUCUUAGGAAUCAUCACAACU,hnRNP/hnRNP/RdRp/hnRNP/hnRNP/SR_protein/hnRNP/SR_protein/hnRNP/hnRNP/hnRNP/SR_protein/TIA1/hnRNP/TIA1/hnRNP/TIA1/hnRNP/TIA1/hnRNP/TIA1/hnRNP/TIA1/hnRNP/TIA1/hnRNP/TIA1/hnRNP/TIA1/hnRNP/TIA1/RNA_helicase/hnRNP/TIA1/hnRNP/TIA1/SR_protein/SR_protein/hnRNP/TIA1/hnRNP/hnRNP/hnRNP/hnRNP/hnRNP,rich_region+rich_region+known_motif+rich_region+rich_region+rich_region+rich_region+rich_region+rich_region+rich_region+rich_region+rich_region+rich_region+rich_region+rich_region+rich_region+rich_region+rich_region+rich_region+rich_region+rich_region+rich_region+rich_region+rich_region+rich_region+rich_region+rich_region+rich_region+rich_region+rich_region+rich_region+poly_region+rich_region+rich_region+rich_region+rich_region+rich_region+rich_region+rich_region+rich_region+rich_region+rich_region+rich_region+rich_region+rich_region,CA-rich region + CA-rich region + RdRp模板结合位点 + CA-rich region + CA-rich region + GA-rich region + CA-rich region + GA-rich region + CA-rich region + CA-rich region + UA-rich region + GA-rich region + AU-rich region + UA-rich region + AU-rich region + UA-rich region + AU-rich region + UA-rich region + AU-rich region + UA-rich region + AU-rich region + UA-rich region + AU-rich region + UA-rich region + AU-rich region + UA-rich region + AU-rich region + UA-rich region + AU-rich region + UA-rich region + AU-rich region + poly-U region + UA-rich region + AU-rich region + UA-rich region + AU-rich region + GA-rich region + GA-rich region + UA-rich region + AU-rich region + CA-rich region + CA-rich region + CA-rich region + CA-rich region + CA-rich region,0.9,True,,
1,6,UAUGUA,hnRNP/TIA1/RNA_binding_protein,rich_region+rich_region+unpaired_region,UA-rich region + AU-rich region + Unpaired region (length: 6),0.8999999999999999,True,,
18,30,CGGAAGAGACAGG,SR_protein/SR_protein/SR_protein/SR_protein/SR_protein/SR_protein/SR_protein/SR_protein,rich_region+rich_region+rich_region+rich_region+rich_region+rich_region+rich_region+rich_region,GA-rich region + GA-rich region + GA-rich region + GA-rich region + GA-rich region + GA-rich region + GA-rich region + GA-rich region,0.72,True,,
54,64,UUCUUUUUCUU,hnRNP/TIA1/hnRNP/TIA1/hnRNP/TIA1/hnRNP/TIA1/RNA_helicase/hnRNP/TIA1/hnRNP/TIA1,rich_region+rich_region+rich_region+rich_region+rich_region+rich_region+rich_region+rich_region+poly_region+rich_region+rich_region+rich_region+rich_region,UA-rich region + AU-rich region + UA-rich region + AU-rich region + UA-rich region + AU-rich region + UA-rich region + AU-rich region + poly-U region + UA-rich region + AU-rich region + UA-rich region + AU-rich region,0.72,True,,
133,144,CAAUAUUGUUAA,hnRNP/TIA1/hnRNP/TIA1/hnRNP/TIA1/hnRNP/TIA1/hnRNP/TIA1/hnRNP/TIA1/hnRNP/TIA1,rich_region+rich_region+rich_region+rich_region+rich_region+rich_region+rich_region+rich_region+rich_region+rich_region+rich_region+rich_region+rich_region+rich_region,UA-rich region + AU-rich region + UA-rich region + AU-rich region + UA-rich region + AU-rich region + UA-rich region + AU-rich region + UA-rich region + AU-rich region + UA-rich region + AU-rich region + UA-rich region + AU-rich region,0.72,True,,
153,172,UUGUAAAACCUUCUUUUUAC,hnRNP/TIA1/hnRNP/TIA1/hnRNP/SR_protein/TIA1/hnRNP/hnRNP/TIA1/hnRNP/hnRNP/hnRNP/TIA1/hnRNP/TIA1/hnRNP/TIA1/hnRNP/TIA1/RNA_helicase/hnRNP/TIA1,rich_region+rich_region+rich_region+rich_region+rich_region+rich_region+rich_region+rich_region+rich_region+rich_region+rich_region+rich_region+rich_region+rich_region+rich_region+rich_region+rich_region+rich_region+rich_region+rich_region+poly_region+rich_region+rich_region,UA-rich region + AU-rich region + UA-rich region + AU-rich region + UA-rich region + GA-rich region + AU-rich region + UA-rich region + CA-rich region + AU-rich region + CA-rich region + CA-rich region + UA-rich region + AU-rich region + UA-rich region + AU-rich region + UA-rich region + AU-rich region + UA-rich region + AU-rich region + poly-U region + UA-rich region + AU-rich region,0.72,True,,
174,179,UUUACU,hnRNP/TIA1,rich_region+rich_region,UA-rich region + AU-rich region,0.72,True,,
184,203,UGUUAAAAAUCUGAAUUCUU,hnRNP/TIA1/hnRNP/TIA1/hnRNP/TIA1/hnRNP/hnRNP/SR_protein/TIA1/hnRNP/hnRNP/SR_protein/TIA1/hnRNP/hnRNP/TIA1/hnRNP/TIA1/hnRNP/TIA1/hnRNP/TIA1/hnRNP/TIA1,rich_region+rich_region+rich_region+rich_region+rich_region+rich_region+rich_region+rich_region+rich_region+rich_region+rich_region+rich_region+rich_region+rich_region+rich_region+rich_region+rich_region+rich_region+rich_region+rich_region+rich_region+rich_region+rich_region+rich_region+rich_region,UA-rich region + AU-rich region + UA-rich region + AU-rich region + UA-rich region + AU-rich region + UA-rich region + CA-rich region + GA-rich region + AU-rich region + UA-rich region + CA-rich region + GA-rich region + AU-rich region + UA-rich region + CA-rich region + AU-rich region + UA-rich region + AU-rich region + UA-rich region + AU-rich region + UA-rich region + AU-rich region + UA-rich region + AU-rich region,0.72,True,,
264,277,AACUUUAAUUUUAG,hnRNP/TIA1/hnRNP/TIA1/hnRNP/TIA1/hnRNP/TIA1/hnRNP/TIA1/hnRNP/TIA1/hnRNP/TIA1/hnRNP/TIA1/hnRNP/TIA1/RNA_helicase,rich_region+rich_region+rich_region+rich_region+rich_region+rich_region+rich_region+rich_region+rich_region+rich_region+rich_region+rich_region+rich_region+rich_region+rich_region+rich_region+rich_region+rich_region+poly_region,UA-rich region + AU-rich region + UA-rich region + AU-rich region + UA-rich region + AU-rich region + UA-rich region + AU-rich region + UA-rich region + AU-rich region + UA-rich region + AU-rich region + UA-rich region + AU-rich region + UA-rich region + AU-rich region + UA-rich region + AU-rich region + poly-U region,0.72,True,,
297,305,UACUAUUAC,hnRNP/TIA1/hnRNP/TIA1/hnRNP/TIA1/hnRNP/TIA1,rich_region+rich_region+rich_region+rich_region+rich_region+rich_region+rich_region+rich_region,UA-rich region + AU-rich region + UA-rich region + AU-rich region + UA-rich region + AU-rich region + UA-rich region + AU-rich region,0.72,True,,
309,325,UGAAGAGCUUAAAAAGC,SR_protein/SR_protein/SR_protein/hnRNP/TIA1/hnRNP/TIA1/hnRNP/hnRNP/SR_protein/TIA1/hnRNP/hnRNP/SR_protein/TIA1/hnRNP/SR_protein,rich_region+rich_region+rich_region+rich_region+rich_region+rich_region+rich_region+rich_region+rich_region+rich_region+rich_region+rich_region+rich_region+rich_region+rich_region+rich_region+rich_region,GA-rich region + GA-rich region + GA-rich region + UA-rich region + AU-rich region + UA-rich region + AU-rich region + UA-rich region + CA-rich region + GA-rich region + AU-rich region + UA-rich region + CA-rich region + GA-rich region + AU-rich region + CA-rich region + GA-rich region,0.72,True,,
331,353,GAACAAUGGAACCUAGUAAUAGG,hnRNP/SR_protein/hnRNP/hnRNP/TIA1/SR_protein/SR_protein/hnRNP/hnRNP/TIA1/hnRNP/TIA1/hnRNP/TIA1/hnRNP/TIA1/SR_protein,rich_region+rich_region+rich_region+rich_region+rich_region+rich_region+rich_region+rich_region+rich_region+rich_region+rich_region+rich_region+rich_region+rich_region+rich_region+rich_region+rich_region,CA-rich region + GA-rich region + UA-rich region + CA-rich region + AU-rich region + GA-rich region + GA-rich region + CA-rich region + UA-rich region + AU-rich region + UA-rich region + AU-rich region + UA-rich region + AU-rich region + UA-rich region + AU-rich region + GA-rich region,0.72,True,,
397,438,GCCAACAGGAAUAGGUUUUUGUAUAUAAUUAAGUUAAUUUUC,hnRNP/hnRNP/hnRNP/SR_protein/SR_protein/SR_protein/SR_protein/SR_protein/SR_protein/SR_protein/hnRNP/TIA1/hnRNP/TIA1/RNA_helicase/hnRNP/TIA1/hnRNP/TIA1/hnRNP/TIA1/hnRNP/TIA1/hnRNP/TIA1/hnRNP/TIA1/hnRNP/TIA1/hnRNP/TIA1/hnRNP/TIA1/hnRNP/TIA1/hnRNP/TIA1/hnRNP/TIA1/hnRNP/TIA1/hnRNP/TIA1/hnRNP/TIA1/hnRNP/TIA1/hnRNP/TIA1/hnRNP/TIA1/hnRNP/TIA1/hnRNP/TIA1/hnRNP/TIA1/RNA_helicase,rich_region+rich_region+rich_region+rich_region+rich_region+rich_region+rich_region+rich_region+rich_region+rich_region+rich_region+rich_region+rich_region+rich_region+poly_region+rich_region+rich_region+rich_region+rich_region+rich_region+rich_region+rich_region+rich_region+rich_region+rich_region+rich_region+rich_region+rich_region+rich_region+rich_region+rich_region+rich_region+rich_region+rich_region+rich_region+rich_region+rich_region+rich_region+rich_region+rich_region+rich_region+rich_region+rich_region+rich_region+rich_region+rich_region+rich_region+rich_region+rich_region+rich_region+rich_region+rich_region+rich_region+rich_region+rich_region+rich_region+rich_region+poly_region,CA-rich region + CA-rich region + CA-rich region + GA-rich region + GA-rich region + GA-rich region + GA-rich region + GA-rich region + GA-rich region + GA-rich region + UA-rich region + AU-rich region + UA-rich region + AU-rich region + poly-U region + UA-rich region + AU-rich region + UA-rich region + AU-rich region + UA-rich region + AU-rich region + UA-rich region + AU-rich region + UA-rich region + AU-rich region + UA-rich region + AU-rich region + UA-rich region + AU-rich region + UA-rich region + AU-rich region + UA-rich region + AU-rich region + UA-rich region + AU-rich region + UA-rich region + AU-rich region + UA-rich region + AU-rich region + UA-rich region + AU-rich region + UA-rich region + AU-rich region + UA-rich region + AU-rich region + UA-rich region + AU-rich region + UA-rich region + AU-rich region + UA-rich region + AU-rich region + UA-rich region + AU-rich region + UA-rich region + AU-rich region + UA-rich region + AU-rich region + poly-U region,0.72,True,,
446,451,UGUUAU,hnRNP/TIA1,rich_region+rich_region,UA-rich region + AU-rich region,0.72,True,,
458,465,UAACUUUA,hnRNP/TIA1/hnRNP/TIA1/hnRNP/TIA1,rich_region+rich_region+rich_region+rich_region+rich_region+rich_region,UA-rich region + AU-rich region + UA-rich region + AU-rich region + UA-rich region + AU-rich region,0.72,True,,
468,476,UUGUUUUGU,hnRNP/TIA1/hnRNP/TIA1/hnRNP/TIA1/RNA_helicase,rich_region+rich_region+rich_region+rich_region+rich_region+rich_region+poly_region,UA-rich region + AU-rich region + UA-rich region + AU-rich region + UA-rich region + AU-rich region + poly-U region,0.72,True,,
486,503,UGUUUACAGAAUAAAUUG,hnRNP/TIA1/hnRNP/TIA1/hnRNP/SR_protein/hnRNP/SR_protein/TIA1/hnRNP/SR_protein/TIA1/hnRNP/hnRNP/SR_protein/TIA1/hnRNP/TIA1/hnRNP/TIA1/hnRNP/TIA1,rich_region+rich_region+rich_region+rich_region+rich_region+rich_region+rich_region+rich_region+rich_region+rich_region+rich_region+rich_region+rich_region+rich_region+rich_region+rich_region+rich_region+rich_region+rich_region+rich_region+rich_region+rich_region,UA-rich region + AU-rich region + UA-rich region + AU-rich region + CA-rich region + GA-rich region + UA-rich region + GA-rich region + AU-rich region + UA-rich region + GA-rich region + AU-rich region + UA-rich region + CA-rich region + GA-rich region + AU-rich region + UA-rich region + AU-rich region + UA-rich region + AU-rich region + UA-rich region + AU-rich region,0.72,True,,
505,510,AUCACC,hnRNP,rich_region,CA-rich region,0.72,,True,1.0
511,517,GGUGGAA,SR_protein/SR_protein,rich_region+rich_region,GA-rich region + GA-rich region,0.72,True,,
565,570,UUCAUU,hnRNP/TIA1,rich_region+rich_region,UA-rich region + AU-rich region,0.72,True,,
573,578,UUCUUU,hnRNP/TIA1,rich_region+rich_region,UA-rich region + AU-rich region,0.72,True,,
612,636,AUUCAAUCCAGAAACUAACAUUCUU,hnRNP/TIA1/hnRNP/TIA1/hnRNP/hnRNP/hnRNP/hnRNP/SR_protein/hnRNP/SR_protein/hnRNP/hnRNP/TIA1/hnRNP/hnRNP/TIA1/hnRNP/hnRNP/hnRNP/TIA1/hnRNP/TIA1/hnRNP/TIA1,rich_region+rich_region+rich_region+rich_region+rich_region+rich_region+rich_region+rich_region+rich_region+rich_region+rich_region+rich_region+rich_region+rich_region+rich_region+rich_region+rich_region+rich_region+rich_region+rich_region+rich_region+rich_region+rich_region+rich_region+rich_region,UA-rich region + AU-rich region + UA-rich region + AU-rich region + CA-rich region + CA-rich region + CA-rich region + CA-rich region + GA-rich region + CA-rich region + GA-rich region + UA-rich region + CA-rich region + AU-rich region + UA-rich region + CA-rich region + AU-rich region + CA-rich region + CA-rich region + UA-rich region + AU-rich region + UA-rich region + AU-rich region + UA-rich region + AU-rich region,0.72,True,,
646,653,CCACUCCA,hnRNP/hnRNP/hnRNP,rich_region+rich_region+rich_region,CA-rich region + CA-rich region + CA-rich region,0.72,True,,
758,768,ACAUCAAGGAC,hnRNP/hnRNP/SR_protein/SR_protein,rich_region+rich_region+rich_region+rich_region,CA-rich region + CA-rich region + GA-rich region + GA-rich region,0.72,True,,
772,785,CCUAAAGAAAUCAC,hnRNP/hnRNP/SR_protein/TIA1/hnRNP/hnRNP/SR_protein/TIA1/hnRNP/hnRNP/SR_protein/TIA1/hnRNP/SR_protein/TIA1/hnRNP/hnRNP/TIA1/hnRNP,rich_region+rich_region+rich_region+rich_region+rich_region+rich_region+rich_region+rich_region+rich_region+rich_region+rich_region+rich_region+rich_region+rich_region+rich_region+rich_region+rich_region+rich_region+rich_region,CA-rich region + UA-rich region + GA-rich region + AU-rich region + UA-rich region + CA-rich region + GA-rich region + AU-rich region + UA-rich region + CA-rich region + GA-rich region + AU-rich region + UA-rich region + GA-rich region + AU-rich region + UA-rich region + CA-rich region + AU-rich region + CA-rich region,0.72,True,,
793,803,ACAUCACGAAC,hnRNP/hnRNP/hnRNP/hnRNP,rich_region+rich_region+rich_region+rich_region,CA-rich region + CA-rich region + CA-rich region + CA-rich region,0.72,True,,
806,827,UUUCUUAUUACAAAUUGGGAGC,hnRNP/TIA1/hnRNP/TIA1/hnRNP/TIA1/hnRNP/TIA1/hnRNP/TIA1/hnRNP/TIA1/hnRNP/TIA1/hnRNP/TIA1/hnRNP/hnRNP/TIA1/hnRNP/hnRNP/TIA1/hnRNP/TIA1/hnRNP/TIA1/SR_protein/SR_protein,rich_region+rich_region+rich_region+rich_region+rich_region+rich_region+rich_region+rich_region+rich_region+rich_region+rich_region+rich_region+rich_region+rich_region+rich_region+rich_region+rich_region+rich_region+rich_region+rich_region+rich_region+rich_region+rich_region+rich_region+rich_region+rich_region+rich_region+rich_region,UA-rich region + AU-rich region + UA-rich region + AU-rich region + UA-rich region + AU-rich region + UA-rich region + AU-rich region + UA-rich region + AU-rich region + UA-rich region + AU-rich region + UA-rich region + AU-rich region + UA-rich region + AU-rich region + UA-rich region + CA-rich region + AU-rich region + UA-rich region + CA-rich region + AU-rich region + UA-rich region + AU-rich region + UA-rich region + AU-rich region + GA-rich region + GA-rich region,0.72,True,,
840,848,AGCAGGUGA,SR_protein/SR_protein,rich_region+rich_region,GA-rich region + GA-rich region,0.72,True,,
885,908,CAACUAUAAAUUAAACACAGACCA,hnRNP/hnRNP/TIA1/hnRNP/TIA1/hnRNP/TIA1/hnRNP/TIA1/hnRNP/TIA1/hnRNP/TIA1/hnRNP/TIA1/hnRNP/TIA1/hnRNP/TIA1/hnRNP/TIA1/hnRNP/hnRNP/TIA1/hnRNP/hnRNP/hnRNP/hnRNP/hnRNP/hnRNP/hnRNP,rich_region+rich_region+rich_region+rich_region+rich_region+rich_region+rich_region+rich_region+rich_region+rich_region+rich_region+rich_region+rich_region+rich_region+rich_region+rich_region+rich_region+rich_region+rich_region+rich_region+rich_region+rich_region+rich_region+rich_region+rich_region+rich_region+rich_region+rich_region+rich_region+rich_region+rich_region,CA-rich region + UA-rich region + AU-rich region + UA-rich region + AU-rich region + UA-rich region + AU-rich region + UA-rich region + AU-rich region + UA-rich region + AU-rich region + UA-rich region + AU-rich region + UA-rich region + AU-rich region + UA-rich region + AU-rich region + UA-rich region + AU-rich region + UA-rich region + AU-rich region + UA-rich region + CA-rich region + AU-rich region + CA-rich region + CA-rich region + CA-rich region + CA-rich region + CA-rich region + CA-rich region + CA-rich region,0.72,True,,
923,931,ACAAUAUUG,hnRNP/hnRNP/TIA1/hnRNP/TIA1/hnRNP/TIA1/hnRNP/TIA1,rich_region+rich_region+rich_region+rich_region+rich_region+rich_region+rich_region+rich_region+rich_region,UA-rich region + CA-rich region + AU-rich region + UA-rich region + AU-rich region + UA-rich region + AU-rich region + UA-rich region + AU-rich region,0.72,True,,
944,967,AGUAAGUGACAACAGAUGUUUCAU,SR_protein/SR_protein/hnRNP/hnRNP/hnRNP/hnRNP/SR_protein/hnRNP/TIA1/hnRNP/TIA1,rich_region+rich_region+rich_region+rich_region+rich_region+rich_region+rich_region+rich_region+rich_region+rich_region+rich_region,GA-rich region + GA-rich region + CA-rich region + CA-rich region + CA-rich region + CA-rich region + GA-rich region + UA-rich region + AU-rich region + UA-rich region + AU-rich region,0.72,True,,
984,1031,UUACUAUAGCAGAGAUAUUACUAAUUAUUAUGAGGACUUUUAAAGUUU,hnRNP/TIA1/hnRNP/TIA1/hnRNP/TIA1/SR_protein/SR_protein/SR_protein/SR_protein/SR_protein/hnRNP/TIA1/hnRNP/TIA1/hnRNP/TIA1/hnRNP/TIA1/hnRNP/TIA1/hnRNP/TIA1/hnRNP/TIA1/hnRNP/TIA1/hnRNP/TIA1/hnRNP/TIA1/hnRNP/TIA1/hnRNP/TIA1/hnRNP/TIA1/hnRNP/TIA1/hnRNP/TIA1/hnRNP/TIA1/SR_protein/SR_protein/SR_protein/hnRNP/TIA1/hnRNP/TIA1/hnRNP/TIA1/RNA_helicase/hnRNP/TIA1/hnRNP/TIA1/hnRNP/TIA1/hnRNP/TIA1/hnRNP/TIA1,rich_region+rich_region+rich_region+rich_region+rich_region+rich_region+rich_region+rich_region+rich_region+rich_region+rich_region+rich_region+rich_region+rich_region+rich_region+rich_region+rich_region+rich_region+rich_region+rich_region+rich_region+rich_region+rich_region+rich_region+rich_region+rich_region+rich_region+rich_region+rich_region+rich_region+rich_region+rich_region+rich_region+rich_region+rich_region+rich_region+rich_region+rich_region+rich_region+rich_region+rich_region+rich_region+rich_region+rich_region+rich_region+rich_region+rich_region+rich_region+rich_region+rich_region+rich_region+rich_region+poly_region+rich_region+rich_region+rich_region+rich_region+rich_region+rich_region+rich_region+rich_region+rich_region+rich_region,UA-rich region + AU-rich region + UA-rich region + AU-rich region + UA-rich region + AU-rich region + GA-rich region + GA-rich region + GA-rich region + GA-rich region + GA-rich region + UA-rich region + AU-rich region + UA-rich region + AU-rich region + UA-rich region + AU-rich region + UA-rich region + AU-rich region + UA-rich region + AU-rich region + UA-rich region + AU-rich region + UA-rich region + AU-rich region + UA-rich region + AU-rich region + UA-rich region + AU-rich region + UA-rich region + AU-rich region + UA-rich region + AU-rich region + UA-rich region + AU-rich region + UA-rich region + AU-rich region + UA-rich region + AU-rich region + UA-rich region + AU-rich region + UA-rich region + AU-rich region + GA-rich region + GA-rich region + GA-rich region + UA-rich region + AU-rich region + UA-rich region + AU-rich region + UA-rich region + AU-rich region + poly-U region + UA-rich region + AU-rich region + UA-rich region + AU-rich region + UA-rich region + AU-rich region + UA-rich region + AU-rich region + UA-rich region + AU-rich region,0.72,True,,
1040,1083,AAUCUUGAUUACAUCAUAAACCUCAUAAUUAAAAAUUUAUCUAA,hnRNP/TIA1/hnRNP/TIA1/hnRNP/TIA1/hnRNP/TIA1/hnRNP/TIA1/hnRNP/hnRNP/TIA1/hnRNP/TIA1/hnRNP/hnRNP/TIA1/hnRNP/hnRNP/TIA1/hnRNP/hnRNP/hnRNP/hnRNP/hnRNP/TIA1/hnRNP/TIA1/hnRNP/TIA1/hnRNP/TIA1/hnRNP/TIA1/hnRNP/TIA1/hnRNP/TIA1/hnRNP/hnRNP/SR_protein/TIA1/hnRNP/hnRNP/SR_protein/TIA1/hnRNP/TIA1/hnRNP/TIA1/hnRNP/TIA1/hnRNP/TIA1/hnRNP/TIA1/hnRNP/TIA1/hnRNP/TIA1/hnRNP/TIA1,rich_region+rich_region+rich_region+rich_region+rich_region+rich_region+rich_region+rich_region+rich_region+rich_region+rich_region+rich_region+rich_region+rich_region+rich_region+rich_region+rich_region+rich_region+rich_region+rich_region+rich_region+rich_region+rich_region+rich_region+rich_region+rich_region+rich_region+rich_region+rich_region+rich_region+rich_region+rich_region+rich_region+rich_region+rich_region+rich_region+rich_region+rich_region+rich_region+rich_region+rich_region+rich_region+rich_region+rich_region+rich_region+rich_region+rich_region+rich_region+rich_region+rich_region+rich_region+rich_region+rich_region+rich_region+rich_region+rich_region+rich_region+rich_region+rich_region+rich_region+rich_region+rich_region+rich_region,UA-rich region + AU-rich region + UA-rich region + AU-rich region + UA-rich region + AU-rich region + UA-rich region + AU-rich region + UA-rich region + AU-rich region + CA-rich region + UA-rich region + AU-rich region + UA-rich region + AU-rich region + UA-rich region + CA-rich region + AU-rich region + UA-rich region + CA-rich region + AU-rich region + CA-rich region + CA-rich region + CA-rich region + CA-rich region + UA-rich region + AU-rich region + UA-rich region + AU-rich region + UA-rich region + AU-rich region + UA-rich region + AU-rich region + UA-rich region + AU-rich region + UA-rich region + AU-rich region + UA-rich region + AU-rich region + UA-rich region + CA-rich region + GA-rich region + AU-rich region + UA-rich region + CA-rich region + GA-rich region + AU-rich region + UA-rich region + AU-rich region + UA-rich region + AU-rich region + UA-rich region + AU-rich region + UA-rich region + AU-rich region + UA-rich region + AU-rich region + UA-rich region + AU-rich region + UA-rich region + AU-rich region + UA-rich region + AU-rich region,0.72,True,,
1093,1170,UGAGAAUAAAUAUUCUCAAUUAGAUGAAGAGCAACCAAUGGAGAUUGAUUAAACGAACAUGAAAAUUAUUCUUUUCUU,SR_protein/SR_protein/hnRNP/SR_protein/TIA1/hnRNP/SR_protein/TIA1/hnRNP/hnRNP/SR_protein/TIA1/hnRNP/TIA1/hnRNP/TIA1/hnRNP/TIA1/hnRNP/TIA1/hnRNP/TIA1/hnRNP/TIA1/hnRNP/TIA1/hnRNP/TIA1/hnRNP/TIA1/hnRNP/TIA1/hnRNP/TIA1/SR_protein/SR_protein/SR_protein/SR_protein/SR_protein/SR_protein/SR_protein/SR_protein/hnRNP/hnRNP/hnRNP/hnRNP/hnRNP/SR_protein/SR_protein/SR_protein/SR_protein/hnRNP/TIA1/hnRNP/TIA1/hnRNP/TIA1/hnRNP/TIA1/hnRNP/TIA1/hnRNP/TIA1/hnRNP/SR_protein/hnRNP/SR_protein/hnRNP/hnRNP/hnRNP/SR_protein/TIA1/hnRNP/SR_protein/TIA1/hnRNP/SR_protein/TIA1/hnRNP/TIA1/hnRNP/TIA1/hnRNP/TIA1/hnRNP/TIA1/hnRNP/TIA1/hnRNP/TIA1/hnRNP/TIA1/hnRNP/TIA1/hnRNP/TIA1/hnRNP/TIA1/RNA_helicase/hnRNP/TIA1,rich_region+rich_region+rich_region+rich_region+rich_region+rich_region+rich_region+rich_region+rich_region+rich_region+rich_region+rich_region+rich_region+rich_region+rich_region+rich_region+rich_region+rich_region+rich_region+rich_region+rich_region+rich_region+rich_region+rich_region+rich_region+rich_region+rich_region+rich_region+rich_region+rich_region+rich_region+rich_region+rich_region+rich_region+rich_region+rich_region+rich_region+rich_region+rich_region+rich_region+rich_region+rich_region+rich_region+rich_region+rich_region+rich_region+rich_region+rich_region+rich_region+rich_region+rich_region+rich_region+rich_region+rich_region+rich_region+rich_region+rich_region+rich_region+rich_region+rich_region+rich_region+rich_region+rich_region+rich_region+rich_region+rich_region+rich_region+rich_region+rich_region+rich_region+rich_region+rich_region+rich_region+rich_region+rich_region+rich_region+rich_region+rich_region+rich_region+rich_region+rich_region+rich_region+rich_region+rich_region+rich_region+rich_region+rich_region+rich_region+rich_region+rich_region+rich_region+rich_region+rich_region+rich_region+rich_region+rich_region+rich_region+rich_region+poly_region+rich_region+rich_region,GA-rich region + GA-rich region + UA-rich region + GA-rich region + AU-rich region + UA-rich region + GA-rich region + AU-rich region + UA-rich region + CA-rich region + GA-rich region + AU-rich region + UA-rich region + AU-rich region + UA-rich region + AU-rich region + UA-rich region + AU-rich region + UA-rich region + AU-rich region + UA-rich region + AU-rich region + UA-rich region + AU-rich region + UA-rich region + AU-rich region + UA-rich region + AU-rich region + UA-rich region + AU-rich region + UA-rich region + AU-rich region + UA-rich region + AU-rich region + GA-rich region + GA-rich region + GA-rich region + GA-rich region + GA-rich region + GA-rich region + GA-rich region + GA-rich region + CA-rich region + CA-rich region + CA-rich region + CA-rich region + CA-rich region + GA-rich region + GA-rich region + GA-rich region + GA-rich region + UA-rich region + AU-rich region + UA-rich region + AU-rich region + UA-rich region + AU-rich region + UA-rich region + AU-rich region + UA-rich region + AU-rich region + UA-rich region + AU-rich region + CA-rich region + GA-rich region + CA-rich region + GA-rich region + CA-rich region + CA-rich region + UA-rich region + GA-rich region + AU-rich region + UA-rich region + GA-rich region + AU-rich region + UA-rich region + GA-rich region + AU-rich region + UA-rich region + AU-rich region + UA-rich region + AU-rich region + UA-rich region + AU-rich region + UA-rich region + AU-rich region + UA-rich region + AU-rich region + UA-rich region + AU-rich region + UA-rich region + AU-rich region + UA-rich region + AU-rich region + UA-rich region + AU-rich region + UA-rich region + AU-rich region + poly-U region + UA-rich region + AU-rich region,0.72,True,,
1176,1186,UGAUAACACUC,hnRNP/TIA1/hnRNP/hnRNP/TIA1/hnRNP/hnRNP/hnRNP,rich_region+rich_region+rich_region+rich_region+rich_region+rich_region+rich_region+rich_region,UA-rich region + AU-rich region + UA-rich region + CA-rich region + AU-rich region + CA-rich region + CA-rich region + CA-rich region,0.72,True,,
1199,1218,CUUUAUCACUACCAAGAGUG,hnRNP/TIA1/hnRNP/TIA1/hnRNP/TIA1/hnRNP/hnRNP/hnRNP/hnRNP/hnRNP/hnRNP/SR_protein/SR_protein/SR_protein,rich_region+rich_region+rich_region+rich_region+rich_region+rich_region+rich_region+rich_region+rich_region+rich_region+rich_region+rich_region+rich_region+rich_region+rich_region,UA-rich region + AU-rich region + UA-rich region + AU-rich region + UA-rich region + AU-rich region + CA-rich region + CA-rich region + CA-rich region + CA-rich region + CA-rich region + CA-rich region + GA-rich region + GA-rich region + GA-rich region,0.72,True,,
1222,1235,UAGAGGUACAACAG,SR_protein/SR_protein/SR_protein/hnRNP/hnRNP/hnRNP,rich_region+rich_region+rich_region+rich_region+rich_region+rich_region,GA-rich region + GA-rich region + GA-rich region + CA-rich region + CA-rich region + CA-rich region,0.72,True,,
1236,1251,UACUUUUAAAAGAACC,hnRNP/TIA1/hnRNP/TIA1/hnRNP/TIA1/hnRNP/TIA1/RNA_helicase/hnRNP/TIA1/hnRNP/TIA1/hnRNP/SR_protein/TIA1/hnRNP/hnRNP/SR_protein/TIA1/hnRNP/hnRNP/SR_protein/TIA1/hnRNP/SR_protein/hnRNP,rich_region+rich_region+rich_region+rich_region+rich_region+rich_region+rich_region+rich_region+poly_region+rich_region+rich_region+rich_region+rich_region+rich_region+rich_region+rich_region+rich_region+rich_region+rich_region+rich_region+rich_region+rich_region+rich_region+rich_region+rich_region+rich_region+rich_region,UA-rich region + AU-rich region + UA-rich region + AU-rich region + UA-rich region + AU-rich region + UA-rich region + AU-rich region + poly-U region + UA-rich region + AU-rich region + UA-rich region + AU-rich region + UA-rich region + GA-rich region + AU-rich region + UA-rich region + CA-rich region + GA-rich region + AU-rich region + UA-rich region + CA-rich region + GA-rich region + AU-rich region + CA-rich region + GA-rich region + CA-rich region,0.72,True,,
1262,1291,GGAACAUACGAGGGCAAUUCACCAUUUCAU,SR_protein/hnRNP/hnRNP/TIA1/hnRNP/SR_protein/SR_protein/SR_protein/SR_protein/SR_protein/hnRNP/TIA1/hnRNP/hnRNP/hnRNP/TIA1/hnRNP/TIA1,rich_region+rich_region+rich_region+rich_region+rich_region+rich_region+rich_region+rich_region+rich_region+rich_region+rich_region+rich_region+rich_region+rich_region+rich_region+rich_region+rich_region+rich_region,GA-rich region + UA-rich region + CA-rich region + AU-rich region + CA-rich region + GA-rich region + GA-rich region + GA-rich region + GA-rich region + GA-rich region + UA-rich region + AU-rich region + CA-rich region + CA-rich region + UA-rich region + AU-rich region + UA-rich region + AU-rich region,0.72,True,,
1330,1340,CACUCAAUUUG,hnRNP/hnRNP/hnRNP/TIA1/hnRNP/TIA1/hnRNP/TIA1,rich_region+rich_region+rich_region+rich_region+rich_region+rich_region+rich_region+rich_region,CA-rich region + CA-rich region + UA-rich region + AU-rich region + UA-rich region + AU-rich region + UA-rich region + AU-rich region,0.72,True,,
1414,1428,CAGACAAGAGGAAGU,hnRNP/hnRNP/SR_protein/SR_protein/hnRNP/SR_protein/SR_protein/SR_protein/SR_protein/SR_protein/SR_protein/SR_protein,rich_region+rich_region+rich_region+rich_region+rich_region+rich_region+rich_region+rich_region+rich_region+rich_region+rich_region+rich_region,CA-rich region + CA-rich region + GA-rich region + GA-rich region + CA-rich region + GA-rich region + GA-rich region + GA-rich region + GA-rich region + GA-rich region + GA-rich region + GA-rich region,0.72,True,,
1430,1442,CAAGAACUUUACU,hnRNP/SR_protein/hnRNP/SR_protein/hnRNP/TIA1/hnRNP/TIA1/hnRNP/TIA1,rich_region+rich_region+rich_region+rich_region+rich_region+rich_region+rich_region+rich_region+rich_region+rich_region,CA-rich region + GA-rich region + CA-rich region + GA-rich region + UA-rich region + AU-rich region + UA-rich region + AU-rich region + UA-rich region + AU-rich region,0.72,True,,
1443,1462,CUCCAAUUUUUCUUAUUGUU,hnRNP/hnRNP/TIA1/hnRNP/TIA1/hnRNP/TIA1/hnRNP/TIA1/RNA_helicase/hnRNP/TIA1/hnRNP/TIA1/hnRNP/TIA1/hnRNP/TIA1/hnRNP/TIA1/hnRNP/TIA1/hnRNP/TIA1/hnRNP/TIA1,rich_region+rich_region+rich_region+rich_region+rich_region+rich_region+rich_region+rich_region+rich_region+poly_region+rich_region+rich_region+rich_region+rich_region+rich_region+rich_region+rich_region+rich_region+rich_region+rich_region+rich_region+rich_region+rich_region+rich_region+rich_region+rich_region,CA-rich region + UA-rich region + AU-rich region + UA-rich region + AU-rich region + UA-rich region + AU-rich region + UA-rich region + AU-rich region + poly-U region + UA-rich region + AU-rich region + UA-rich region + AU-rich region + UA-rich region + AU-rich region + UA-rich region + AU-rich region + UA-rich region + AU-rich region + UA-rich region + AU-rich region + UA-rich region + AU-rich region + UA-rich region + AU-rich region,0.72,True,,
1491,1535,UCACACUCAAAAGAAAGACAGAAUGAUUGAACUUUCAUUAAUUGA,hnRNP/hnRNP/hnRNP/hnRNP/hnRNP/hnRNP/hnRNP/hnRNP/TIA1/hnRNP/SR_protein/hnRNP/hnRNP/SR_protein/TIA1/hnRNP/hnRNP/SR_protein/TIA1/hnRNP/hnRNP/SR_protein/TIA1/SR_protein/SR_protein/hnRNP/SR_protein/hnRNP/SR_protein/SR_protein/SR_protein/hnRNP/SR_protein/SR_protein/SR_protein/hnRNP/TIA1/hnRNP/TIA1/hnRNP/TIA1/hnRNP/TIA1/hnRNP/TIA1/hnRNP/TIA1/hnRNP/TIA1/hnRNP/TIA1/hnRNP/TIA1/hnRNP/TIA1/hnRNP/TIA1/hnRNP/TIA1,rich_region+rich_region+rich_region+rich_region+rich_region+rich_region+rich_region+rich_region+rich_region+rich_region+rich_region+rich_region+rich_region+rich_region+rich_region+rich_region+rich_region+rich_region+rich_region+rich_region+rich_region+rich_region+rich_region+rich_region+rich_region+rich_region+rich_region+rich_region+rich_region+rich_region+rich_region+rich_region+rich_region+rich_region+rich_region+rich_region+rich_region+rich_region+rich_region+rich_region+rich_region+rich_region+rich_region+rich_region+rich_region+rich_region+rich_region+rich_region+rich_region+rich_region+rich_region+rich_region+rich_region+rich_region+rich_region+rich_region+rich_region+rich_region+rich_region,CA-rich region + CA-rich region + CA-rich region + CA-rich region + CA-rich region + CA-rich region + UA-rich region + CA-rich region + AU-rich region + CA-rich region + GA-rich region + UA-rich region + CA-rich region + GA-rich region + AU-rich region + UA-rich region + CA-rich region + GA-rich region + AU-rich region + UA-rich region + CA-rich region + GA-rich region + AU-rich region + GA-rich region + GA-rich region + CA-rich region + GA-rich region + CA-rich region + GA-rich region + GA-rich region + GA-rich region + CA-rich region + GA-rich region + GA-rich region + GA-rich region + UA-rich region + AU-rich region + UA-rich region + AU-rich region + UA-rich region + AU-rich region + UA-rich region + AU-rich region + UA-rich region + AU-rich region + UA-rich region + AU-rich region + UA-rich region + AU-rich region + UA-rich region + AU-rich region + UA-rich region + AU-rich region + UA-rich region + AU-rich region + UA-rich region + AU-rich region + UA-rich region + AU-rich region,0.72,True,,
1537,1546,UUCUAUUUGU,hnRNP/TIA1/hnRNP/TIA1/hnRNP/TIA1/hnRNP/TIA1/hnRNP/TIA1,rich_region+rich_region+rich_region+rich_region+rich_region+rich_region+rich_region+rich_region+rich_region+rich_region,UA-rich region + AU-rich region + UA-rich region + AU-rich region + UA-rich region + AU-rich region + UA-rich region + AU-rich region + UA-rich region + AU-rich region,0.72,True,,
1571,1584,UUGUUUUAAUUAUG,hnRNP/TIA1/hnRNP/TIA1/hnRNP/TIA1/hnRNP/TIA1/RNA_helicase/hnRNP/TIA1/hnRNP/TIA1/hnRNP/TIA1/hnRNP/TIA1/hnRNP/TIA1,rich_region+rich_region+rich_region+rich_region+rich_region+rich_region+rich_region+rich_region+poly_region+rich_region+rich_region+rich_region+rich_region+rich_region+rich_region+rich_region+rich_region+rich_region+rich_region,UA-rich region + AU-rich region + UA-rich region + AU-rich region + UA-rich region + AU-rich region + UA-rich region + AU-rich region + poly-U region + UA-rich region + AU-rich region + UA-rich region + AU-rich region + UA-rich region + AU-rich region + UA-rich region + AU-rich region + UA-rich region + AU-rich region,0.72,True,,
1585,1597,CUUAUUAUCUUUU,hnRNP/TIA1/hnRNP/TIA1/hnRNP/TIA1/hnRNP/TIA1/hnRNP/TIA1/hnRNP/TIA1/hnRNP/TIA1/hnRNP/TIA1/RNA_helicase,rich_region+rich_region+rich_region+rich_region+rich_region+rich_region+rich_region+rich_region+rich_region+rich_region+rich_region+rich_region+rich_region+rich_region+rich_region+rich_region+poly_region,UA-rich region + AU-rich region + UA-rich region + AU-rich region + UA-rich region + AU-rich region + UA-rich region + AU-rich region + UA-rich region + AU-rich region + UA-rich region + AU-rich region + UA-rich region + AU-rich region + UA-rich region + AU-rich region + poly-U region,0.72,True,,
1614,1633,GCAAGAUCAUAAUGAAACUU,SR_protein/hnRNP/TIA1/hnRNP/TIA1/hnRNP/TIA1/hnRNP/TIA1/hnRNP/TIA1/hnRNP/SR_protein/TIA1/hnRNP/SR_protein/TIA1/hnRNP/TIA1,rich_region+rich_region+rich_region+rich_region+rich_region+rich_region+rich_region+rich_region+rich_region+rich_region+rich_region+rich_region+rich_region+rich_region+rich_region+rich_region+rich_region+rich_region+rich_region,GA-rich region + UA-rich region + AU-rich region + UA-rich region + AU-rich region + UA-rich region + AU-rich region + UA-rich region + AU-rich region + UA-rich region + AU-rich region + UA-rich region + GA-rich region + AU-rich region + UA-rich region + GA-rich region + AU-rich region + UA-rich region + AU-rich region,0.72,True,,
1695,1718,AUUUCACCAAGAAUGUAGUUUACA,hnRNP/TIA1/hnRNP/hnRNP/hnRNP/hnRNP/hnRNP/SR_protein/hnRNP/SR_protein/TIA1/SR_protein/hnRNP/TIA1/hnRNP/TIA1/hnRNP/TIA1/hnRNP/TIA1,rich_region+rich_region+rich_region+rich_region+rich_region+rich_region+rich_region+rich_region+rich_region+rich_region+rich_region+rich_region+rich_region+rich_region+rich_region+rich_region+rich_region+rich_region+rich_region+rich_region,UA-rich region + AU-rich region + CA-rich region + CA-rich region + CA-rich region + CA-rich region + CA-rich region + GA-rich region + UA-rich region + GA-rich region + AU-rich region + GA-rich region + UA-rich region + AU-rich region + UA-rich region + AU-rich region + UA-rich region + AU-rich region + UA-rich region + AU-rich region,0.72,True,,
1771,1802,UUCUAUUCUAAAUGGUAUAUUAGAGUAGGAGC,hnRNP/TIA1/hnRNP/TIA1/hnRNP/TIA1/hnRNP/TIA1/hnRNP/TIA1/hnRNP/TIA1/hnRNP/TIA1/hnRNP/TIA1/SR_protein/hnRNP/TIA1/hnRNP/TIA1/hnRNP/TIA1/hnRNP/TIA1/hnRNP/TIA1/SR_protein/SR_protein/SR_protein/SR_protein/SR_protein/SR_protein,rich_region+rich_region+rich_region+rich_region+rich_region+rich_region+rich_region+rich_region+rich_region+rich_region+rich_region+rich_region+rich_region+rich_region+rich_region+rich_region+rich_region+rich_region+rich_region+rich_region+rich_region+rich_region+rich_region+rich_region+rich_region+rich_region+rich_region+rich_region+rich_region+rich_region+rich_region+rich_region+rich_region,UA-rich region + AU-rich region + UA-rich region + AU-rich region + UA-rich region + AU-rich region + UA-rich region + AU-rich region + UA-rich region + AU-rich region + UA-rich region + AU-rich region + UA-rich region + AU-rich region + UA-rich region + AU-rich region + GA-rich region + UA-rich region + AU-rich region + UA-rich region + AU-rich region + UA-rich region + AU-rich region + UA-rich region + AU-rich region + UA-rich region + AU-rich region + GA-rich region + GA-rich region + GA-rich region + GA-rich region + GA-rich region + GA-rich region,0.72,True,,
1803,1831,UAGAAAAUCAGCACCUUUAAUUGAAUUGU,hnRNP/SR_protein/TIA1/hnRNP/hnRNP/SR_protein/TIA1/hnRNP/SR_protein/TIA1/hnRNP/hnRNP/TIA1/hnRNP/hnRNP/TIA1/hnRNP/hnRNP/hnRNP/TIA1/hnRNP/TIA1/hnRNP/TIA1/hnRNP/TIA1/hnRNP/TIA1/hnRNP/TIA1/hnRNP/TIA1/hnRNP/TIA1/hnRNP/TIA1,rich_region+rich_region+rich_region+rich_region+rich_region+rich_region+rich_region+rich_region+rich_region+rich_region+rich_region+rich_region+rich_region+rich_region+rich_region+rich_region+rich_region+rich_region+rich_region+rich_region+rich_region+rich_region+rich_region+rich_region+rich_region+rich_region+rich_region+rich_region+rich_region+rich_region+rich_region+rich_region+rich_region+rich_region+rich_region+rich_region,UA-rich region + GA-rich region + AU-rich region + UA-rich region + CA-rich region + GA-rich region + AU-rich region + UA-rich region + GA-rich region + AU-rich region + UA-rich region + CA-rich region + AU-rich region + UA-rich region + CA-rich region + AU-rich region + CA-rich region + CA-rich region + UA-rich region + AU-rich region + UA-rich region + AU-rich region + UA-rich region + AU-rich region + UA-rich region + AU-rich region + UA-rich region + AU-rich region + UA-rich region + AU-rich region + UA-rich region + AU-rich region + UA-rich region + AU-rich region + UA-rich region + AU-rich region,0.72,True,,
1848,1862,UUCUAAAUCACCCAU,hnRNP/TIA1/hnRNP/TIA1/hnRNP/TIA1/hnRNP/TIA1/hnRNP/hnRNP/TIA1/hnRNP/hnRNP/hnRNP/hnRNP/hnRNP,rich_region+rich_region+rich_region+rich_region+rich_region+rich_region+rich_region+rich_region+rich_region+rich_region+rich_region+rich_region+rich_region+rich_region+rich_region+rich_region,UA-rich region + AU-rich region + UA-rich region + AU-rich region + UA-rich region + AU-rich region + UA-rich region + AU-rich region + UA-rich region + CA-rich region + AU-rich region + CA-rich region + CA-rich region + CA-rich region + CA-rich region + CA-rich region,0.72,True,,
1897,1902,UGUUUA,hnRNP/TIA1,rich_region+rich_region,UA-rich region + AU-rich region,0.72,True,,
1904,1919,CUUUUACAAUUAAUUG,hnRNP/TIA1/hnRNP/TIA1/RNA_helicase/hnRNP/TIA1/hnRNP/TIA1/hnRNP/TIA1/hnRNP/TIA1/hnRNP/TIA1/hnRNP/TIA1/hnRNP/TIA1/hnRNP/TIA1/hnRNP/TIA1,rich_region+rich_region+rich_region+rich_region+poly_region+rich_region+rich_region+rich_region+rich_region+rich_region+rich_region+rich_region+rich_region+rich_region+rich_region+rich_region+rich_region+rich_region+rich_region+rich_region+rich_region+rich_region+rich_region,UA-rich region + AU-rich region + UA-rich region + AU-rich region + poly-U region + UA-rich region + AU-rich region + UA-rich region + AU-rich region + UA-rich region + AU-rich region + UA-rich region + AU-rich region + UA-rich region + AU-rich region + UA-rich region + AU-rich region + UA-rich region + AU-rich region + UA-rich region + AU-rich region + UA-rich region + AU-rich region,0.72,True,,
1921,1940,CAGGAACCUAAAUUGGGUAG,SR_protein/SR_protein/hnRNP/hnRNP/hnRNP/hnRNP/TIA1/hnRNP/TIA1/hnRNP/TIA1/SR_protein,rich_region+rich_region+rich_region+rich_region+rich_region+rich_region+rich_region+rich_region+rich_region+rich_region+rich_region+rich_region,GA-rich region + GA-rich region + CA-rich region + CA-rich region + CA-rich region + UA-rich region + AU-rich region + UA-rich region + AU-rich region + UA-rich region + AU-rich region + GA-rich region,0.72,True,,
1960,1986,UUCUAUGAAGACUUUUUAGAGUAUCAU,hnRNP/TIA1/hnRNP/TIA1/SR_protein/SR_protein/SR_protein/hnRNP/TIA1/hnRNP/TIA1/hnRNP/TIA1/RNA_helicase/hnRNP/TIA1/hnRNP/TIA1/SR_protein/hnRNP/TIA1,rich_region+rich_region+rich_region+rich_region+rich_region+rich_region+rich_region+rich_region+rich_region+rich_region+rich_region+rich_region+rich_region+poly_region+rich_region+rich_region+rich_region+rich_region+rich_region+rich_region+rich_region,UA-rich region + AU-rich region + UA-rich region + AU-rich region + GA-rich region + GA-rich region + GA-rich region + UA-rich region + AU-rich region + UA-rich region + AU-rich region + UA-rich region + AU-rich region + poly-U region + UA-rich region + AU-rich region + UA-rich region + AU-rich region + GA-rich region + UA-rich region + AU-rich region,0.72,True,,
2036,2073,UGAUAAUGGACCCCAAAAUCAGCGAAAUGCACCCCGCA,hnRNP/TIA1/hnRNP/TIA1/hnRNP/TIA1/SR_protein/hnRNP/hnRNP/hnRNP/hnRNP/hnRNP/hnRNP/hnRNP/TIA1/hnRNP/hnRNP/TIA1/hnRNP/hnRNP/TIA1/SR_protein/SR_protein/SR_protein/hnRNP/hnRNP/hnRNP/hnRNP/hnRNP,rich_region+rich_region+rich_region+rich_region+rich_region+rich_region+rich_region+rich_region+rich_region+rich_region+rich_region+rich_region+rich_region+rich_region+rich_region+rich_region+rich_region+rich_region+rich_region+rich_region+rich_region+rich_region+rich_region+rich_region+rich_region+rich_region+rich_region+rich_region+rich_region,UA-rich region + AU-rich region + UA-rich region + AU-rich region + UA-rich region + AU-rich region + GA-rich region + CA-rich region + CA-rich region + CA-rich region + CA-rich region + CA-rich region + UA-rich region + CA-rich region + AU-rich region + UA-rich region + CA-rich region + AU-rich region + UA-rich region + CA-rich region + AU-rich region + GA-rich region + GA-rich region + GA-rich region + CA-rich region + CA-rich region + CA-rich region + CA-rich region + CA-rich region,0.72,True,,
2082,2093,GGUGGACCCUCA,SR_protein/hnRNP/hnRNP,rich_region+rich_region+rich_region,GA-rich region + CA-rich region + CA-rich region,0.72,True,,
2108,2135,UAACCAGAAUGGAGAACGCAGUGGGGCG,hnRNP/hnRNP/hnRNP/hnRNP/SR_protein/SR_protein/SR_protein/SR_protein/SR_protein/SR_protein/SR_protein/SR_protein/hnRNP/SR_protein/SR_protein/SR_protein,rich_region+rich_region+rich_region+rich_region+rich_region+rich_region+rich_region+rich_region+rich_region+rich_region+rich_region+rich_region+rich_region+rich_region+rich_region+rich_region,CA-rich region + CA-rich region + CA-rich region + CA-rich region + GA-rich region + GA-rich region + GA-rich region + GA-rich region + GA-rich region + GA-rich region + GA-rich region + GA-rich region + CA-rich region + GA-rich region + GA-rich region + GA-rich region,0.72,True,,
2153,2160,GCCCCAAG,hnRNP/hnRNP/hnRNP,rich_region+rich_region+rich_region,CA-rich region + CA-rich region + CA-rich region,0.72,True,,
2164,2177,UACCCAAUAAUACU,hnRNP/hnRNP/hnRNP/hnRNP/hnRNP/hnRNP/TIA1/hnRNP/TIA1/hnRNP/TIA1/hnRNP/TIA1/hnRNP/TIA1,rich_region+rich_region+rich_region+rich_region+rich_region+rich_region+rich_region+rich_region+rich_region+rich_region+rich_region+rich_region+rich_region+rich_region+rich_region,CA-rich region + CA-rich region + CA-rich region + CA-rich region + UA-rich region + CA-rich region + AU-rich region + UA-rich region + AU-rich region + UA-rich region + AU-rich region + UA-rich region + AU-rich region + UA-rich region + AU-rich region,0.72,True,,
2208,2228,GGCAAGGAAGACCUUAAAUUC,SR_protein/SR_protein/SR_protein/SR_protein/SR_protein/SR_protein/SR_protein/hnRNP/hnRNP/TIA1/hnRNP/TIA1/hnRNP/TIA1/hnRNP/TIA1,rich_region+rich_region+rich_region+rich_region+rich_region+rich_region+rich_region+rich_region+rich_region+rich_region+rich_region+rich_region+rich_region+rich_region+rich_region+rich_region,GA-rich region + GA-rich region + GA-rich region + GA-rich region + GA-rich region + GA-rich region + GA-rich region + CA-rich region + UA-rich region + AU-rich region + UA-rich region + AU-rich region + UA-rich region + AU-rich region + UA-rich region + AU-rich region,0.72,True,,
2270,2283,AGAUGACCAAAUUG,SR_protein/hnRNP/hnRNP/hnRNP/hnRNP/TIA1/hnRNP/TIA1,rich_region+rich_region+rich_region+rich_region+rich_region+rich_region+rich_region+rich_region,GA-rich region + CA-rich region + CA-rich region + CA-rich region + UA-rich region + AU-rich region + UA-rich region + AU-rich region,0.72,True,,
2287,2310,ACUACCGAAGAGCUACCAGACGAA,hnRNP/hnRNP/SR_protein/SR_protein/SR_protein/hnRNP/hnRNP/hnRNP/SR_protein/SR_protein,rich_region+rich_region+rich_region+rich_region+rich_region+rich_region+rich_region+rich_region+rich_region+rich_region,CA-rich region + CA-rich region + GA-rich region + GA-rich region + GA-rich region + CA-rich region + CA-rich region + CA-rich region + GA-rich region + GA-rich region,0.72,True,,
2346,2367,CCAAGAUGGUAUUUCUACUACC,hnRNP/SR_protein/SR_protein/hnRNP/TIA1/hnRNP/TIA1/hnRNP/TIA1/hnRNP/TIA1/hnRNP,rich_region+rich_region+rich_region+rich_region+rich_region+rich_region+rich_region+rich_region+rich_region+rich_region+rich_region+rich_region,CA-rich region + GA-rich region + GA-rich region + UA-rich region + AU-rich region + UA-rich region + AU-rich region + UA-rich region + AU-rich region + UA-rich region + AU-rich region + CA-rich region,0.72,True,,
2379,2386,CCAGAAGC,hnRNP/SR_protein/SR_protein,rich_region+rich_region+rich_region,CA-rich region + GA-rich region + GA-rich region,0.72,True,,
2404,2416,CUAACAAAGACGG,hnRNP/hnRNP/hnRNP/TIA1/hnRNP/hnRNP/SR_protein/TIA1/hnRNP/SR_protein/hnRNP/SR_protein/hnRNP/SR_protein/SR_protein/SR_protein,rich_region+rich_region+rich_region+rich_region+rich_region+rich_region+rich_region+rich_region+rich_region+rich_region+rich_region+rich_region+rich_region+rich_region+rich_region+rich_region,CA-rich region + UA-rich region + CA-rich region + AU-rich region + UA-rich region + CA-rich region + GA-rich region + AU-rich region + CA-rich region + GA-rich region + CA-rich region + GA-rich region + CA-rich region + GA-rich region + GA-rich region + GA-rich region,0.72,True,,
2435,2443,UGAGGGAGC,SR_protein/SR_protein/SR_protein/SR_protein,rich_region+rich_region+rich_region+rich_region,GA-rich region + GA-rich region + GA-rich region + GA-rich region,0.72,True,,
2445,2466,UUGAAUACACCAAAAGAUCACA,hnRNP/TIA1/hnRNP/TIA1/hnRNP/hnRNP/TIA1/hnRNP/hnRNP/hnRNP/hnRNP/hnRNP/hnRNP/hnRNP/SR_protein/hnRNP/hnRNP/SR_protein/TIA1/hnRNP/SR_protein/TIA1/hnRNP,rich_region+rich_region+rich_region+rich_region+rich_region+rich_region+rich_region+rich_region+rich_region+rich_region+rich_region+rich_region+rich_region+rich_region+rich_region+rich_region+rich_region+rich_region+rich_region+rich_region+rich_region+rich_region+rich_region,UA-rich region + AU-rich region + UA-rich region + AU-rich region + UA-rich region + CA-rich region + AU-rich region + CA-rich region + CA-rich region + CA-rich region + CA-rich region + CA-rich region + CA-rich region + CA-rich region + GA-rich region + UA-rich region + CA-rich region + GA-rich region + AU-rich region + UA-rich region + GA-rich region + AU-rich region + CA-rich region,0.72,True,,
2470,2482,GCACCCGCAAUCC,hnRNP/hnRNP/hnRNP/hnRNP/hnRNP/hnRNP,rich_region+rich_region+rich_region+rich_region+rich_region+rich_region,CA-rich region + CA-rich region + CA-rich region + CA-rich region + CA-rich region + CA-rich region,0.72,True,,
2485,2492,CUAACAAU,hnRNP/hnRNP/hnRNP/TIA1/hnRNP/hnRNP/TIA1,rich_region+rich_region+rich_region+rich_region+rich_region+rich_region+rich_region,CA-rich region + UA-rich region + CA-rich region + AU-rich region + UA-rich region + CA-rich region + AU-rich region,0.72,True,,
2505,2512,CUACAACU,hnRNP/hnRNP/hnRNP,rich_region+rich_region+rich_region,CA-rich region + CA-rich region + CA-rich region,0.72,True,,
2514,2530,CCUCAAGGAACAACAUU,hnRNP/SR_protein/SR_protein/SR_protein/SR_protein/hnRNP/SR_protein/hnRNP/hnRNP/hnRNP/hnRNP/TIA1,rich_region+rich_region+rich_region+rich_region+rich_region+rich_region+rich_region+rich_region+rich_region+rich_region+rich_region+rich_region,CA-rich region + GA-rich region + GA-rich region + GA-rich region + GA-rich region + CA-rich region + GA-rich region + CA-rich region + CA-rich region + CA-rich region + UA-rich region + AU-rich region,0.72,True,,
2531,2540,GCCAAAAGGC,hnRNP/hnRNP/hnRNP/SR_protein/SR_protein/SR_protein,rich_region+rich_region+rich_region+rich_region+rich_region+rich_region,CA-rich region + CA-rich region + CA-rich region + GA-rich region + GA-rich region + GA-rich region,0.72,True,,
2547,2566,GCAGAAGGGAGCAGAGGCGG,SR_protein/SR_protein/SR_protein/SR_protein/SR_protein/SR_protein/SR_protein/SR_protein/SR_protein/SR_protein/SR_protein/SR_protein/SR_protein/SR_protein/SR_protein,rich_region+rich_region+rich_region+rich_region+rich_region+rich_region+rich_region+rich_region+rich_region+rich_region+rich_region+rich_region+rich_region+rich_region+rich_region,GA-rich region + GA-rich region + GA-rich region + GA-rich region + GA-rich region + GA-rich region + GA-rich region + GA-rich region + GA-rich region + GA-rich region + GA-rich region + GA-rich region + GA-rich region + GA-rich region + GA-rich region,0.72,True,,
2571,2576,CAAGCC,hnRNP,rich_region,CA-rich region,0.72,,True,1.0
2590,2595,CAUCAC,hnRNP,rich_region,CA-rich region,0.72,,True,1.0
2601,2608,CGCAACAG,hnRNP/hnRNP/hnRNP,rich_region+rich_region+rich_region,CA-rich region + CA-rich region + CA-rich region,0.72,True,,
2611,2632,CAAGAAAUUCAACUCCAGGCAG,hnRNP/SR_protein/hnRNP/hnRNP/SR_protein/TIA1/hnRNP/SR_protein/TIA1/hnRNP/TIA1/hnRNP/TIA1/hnRNP/TIA1/hnRNP/TIA1/hnRNP/hnRNP/hnRNP/SR_protein,rich_region+rich_region+rich_region+rich_region+rich_region+rich_region+rich_region+rich_region+rich_region+rich_region+rich_region+rich_region+rich_region+rich_region+rich_region+rich_region+rich_region+rich_region+rich_region+rich_region+rich_region,CA-rich region + GA-rich region + UA-rich region + CA-rich region + GA-rich region + AU-rich region + UA-rich region + GA-rich region + AU-rich region + UA-rich region + AU-rich region + UA-rich region + AU-rich region + UA-rich region + AU-rich region + UA-rich region + AU-rich region + CA-rich region + CA-rich region + CA-rich region + GA-rich region,0.72,True,,
2634,2644,AGUAGGGGAAC,SR_protein/SR_protein/SR_protein/SR_protein/SR_protein/SR_protein,rich_region+rich_region+rich_region+rich_region+rich_region+rich_region,GA-rich region + GA-rich region + GA-rich region + GA-rich region + GA-rich region + GA-rich region,0.72,True,,
2703,2718,GACAGAUUGAACCAGC,SR_protein/hnRNP/TIA1/hnRNP/hnRNP/hnRNP,rich_region+rich_region+rich_region+rich_region+rich_region+rich_region,GA-rich region + UA-rich region + AU-rich region + CA-rich region + CA-rich region + CA-rich region,0.72,True,,
2720,2733,UGAGAGCAAAAUGU,SR_protein/SR_protein/SR_protein/SR_protein/hnRNP/SR_protein/hnRNP/SR_protein/hnRNP/hnRNP/TIA1/hnRNP/SR_protein/TIA1/hnRNP/TIA1,rich_region+rich_region+rich_region+rich_region+rich_region+rich_region+rich_region+rich_region+rich_region+rich_region+rich_region+rich_region+rich_region+rich_region+rich_region+rich_region,GA-rich region + GA-rich region + GA-rich region + GA-rich region + CA-rich region + GA-rich region + CA-rich region + GA-rich region + UA-rich region + CA-rich region + AU-rich region + UA-rich region + GA-rich region + AU-rich region + UA-rich region + AU-rich region,0.72,True,,
2768,2780,CACUAAGAAAUCU,hnRNP/hnRNP/SR_protein/TIA1/hnRNP/hnRNP/SR_protein/TIA1/hnRNP/SR_protein/TIA1/hnRNP/TIA1,rich_region+rich_region+rich_region+rich_region+rich_region+rich_region+rich_region+rich_region+rich_region+rich_region+rich_region+rich_region+rich_region,CA-rich region + UA-rich region + GA-rich region + AU-rich region + UA-rich region + CA-rich region + GA-rich region + AU-rich region + UA-rich region + GA-rich region + AU-rich region + UA-rich region + AU-rich region,0.72,True,,
2792,2802,UUCUAAGAAGC,hnRNP/TIA1/hnRNP/SR_protein/TIA1/SR_protein/SR_protein,rich_region+rich_region+rich_region+rich_region+rich_region+rich_region+rich_region,UA-rich region + AU-rich region + UA-rich region + GA-rich region + AU-rich region + GA-rich region + GA-rich region,0.72,True,,
2806,2815,GGCAAAAACG,SR_protein/hnRNP/SR_protein/hnRNP/hnRNP/SR_protein/TIA1/hnRNP/hnRNP/SR_protein/TIA1/hnRNP/SR_protein,rich_region+rich_region+rich_region+rich_region+rich_region+rich_region+rich_region+rich_region+rich_region+rich_region+rich_region+rich_region+rich_region,GA-rich region + CA-rich region + GA-rich region + UA-rich region + CA-rich region + GA-rich region + AU-rich region + UA-rich region + CA-rich region + GA-rich region + AU-rich region + CA-rich region + GA-rich region,0.72,True,,
2821,2848,CCACUAAAGCAUACAAUGUAACACAAGC,hnRNP/hnRNP/hnRNP/hnRNP/TIA1/hnRNP/SR_protein/hnRNP/hnRNP/hnRNP/TIA1/hnRNP/TIA1/hnRNP/TIA1/hnRNP/TIA1/hnRNP/hnRNP/hnRNP/hnRNP/hnRNP,rich_region+rich_region+rich_region+rich_region+rich_region+rich_region+rich_region+rich_region+rich_region+rich_region+rich_region+rich_region+rich_region+rich_region+rich_region+rich_region+rich_region+rich_region+rich_region+rich_region+rich_region+rich_region,CA-rich region + CA-rich region + UA-rich region + CA-rich region + AU-rich region + CA-rich region + GA-rich region + CA-rich region + UA-rich region + CA-rich region + AU-rich region + UA-rich region + AU-rich region + UA-rich region + AU-rich region + UA-rich region + AU-rich region + CA-rich region + CA-rich region + CA-rich region + CA-rich region + CA-rich region,0.72,True,,
2853,2858,GGCAGA,SR_protein,rich_region,GA-rich region,0.72,,True,0.6666666666666666
2865,2894,CCAGAACAAACCCAAGGAAAUUUUGGGGAC,hnRNP/hnRNP/hnRNP/SR_protein/hnRNP/SR_protein/hnRNP/hnRNP/SR_protein/TIA1/hnRNP/hnRNP/hnRNP/hnRNP/hnRNP/hnRNP/SR_protein/SR_protein/SR_protein/SR_protein/hnRNP/TIA1/hnRNP/TIA1/hnRNP/TIA1/hnRNP/TIA1/RNA_helicase/SR_protein/SR_protein,rich_region+rich_region+rich_region+rich_region+rich_region+rich_region+rich_region+rich_region+rich_region+rich_region+rich_region+rich_region+rich_region+rich_region+rich_region+rich_region+rich_region+rich_region+rich_region+rich_region+rich_region+rich_region+rich_region+rich_region+rich_region+rich_region+rich_region+rich_region+poly_region+rich_region+rich_region,CA-rich region + CA-rich region + CA-rich region + GA-rich region + CA-rich region + GA-rich region + UA-rich region + CA-rich region + GA-rich region + AU-rich region + CA-rich region + CA-rich region + CA-rich region + CA-rich region + CA-rich region + CA-rich region + GA-rich region + GA-rich region + GA-rich region + GA-rich region + UA-rich region + AU-rich region + UA-rich region + AU-rich region + UA-rich region + AU-rich region + UA-rich region + AU-rich region + poly-U region + GA-rich region + GA-rich region,0.72,True,,
2895,2917,CAGGAACUAAUCAGACAAGGAAC,SR_protein/SR_protein/hnRNP/hnRNP/TIA1/hnRNP/TIA1/hnRNP/TIA1/hnRNP/hnRNP/SR_protein/SR_protein/SR_protein/SR_protein/SR_protein/SR_protein,rich_region+rich_region+rich_region+rich_region+rich_region+rich_region+rich_region+rich_region+rich_region+rich_region+rich_region+rich_region+rich_region+rich_region+rich_region+rich_region+rich_region,GA-rich region + GA-rich region + UA-rich region + CA-rich region + AU-rich region + UA-rich region + AU-rich region + UA-rich region + AU-rich region + CA-rich region + CA-rich region + GA-rich region + GA-rich region + GA-rich region + GA-rich region + GA-rich region + GA-rich region,0.72,True,,
2934,2960,CCGCAAAUUGCACAAUUUGCCCCCAGC,hnRNP/hnRNP/hnRNP/TIA1/hnRNP/TIA1/hnRNP/hnRNP/hnRNP/TIA1/hnRNP/TIA1/hnRNP/TIA1/hnRNP/hnRNP/hnRNP/hnRNP,rich_region+rich_region+rich_region+rich_region+rich_region+rich_region+rich_region+rich_region+rich_region+rich_region+rich_region+rich_region+rich_region+rich_region+rich_region+rich_region+rich_region+rich_region,CA-rich region + CA-rich region + UA-rich region + AU-rich region + UA-rich region + AU-rich region + CA-rich region + CA-rich region + UA-rich region + AU-rich region + UA-rich region + AU-rich region + UA-rich region + AU-rich region + CA-rich region + CA-rich region + CA-rich region + CA-rich region,0.72,True,,
2976,2981,GGAAUG,SR_protein,rich_region,GA-rich region,0.72,,True,0.8333333333333334
2994,3008,AUGGAAGUCACACCU,SR_protein/SR_protein/SR_protein/hnRNP/hnRNP/hnRNP,rich_region+rich_region+rich_region+rich_region+rich_region+rich_region,GA-rich region + GA-rich region + GA-rich region + CA-rich region + CA-rich region + CA-rich region,0.72,True,,
3010,3017,CGGGAACG,SR_protein/SR_protein/SR_protein,rich_region+rich_region+rich_region,GA-rich region + GA-rich region + GA-rich region,0.72,True,,
3024,3033,ACCUACACAG,hnRNP/hnRNP/hnRNP/hnRNP/hnRNP,rich_region+rich_region+rich_region+rich_region+rich_region,CA-rich region + CA-rich region + CA-rich region + CA-rich region + CA-rich region,0.72,True,,
3037,3074,CCAUCAAAUUGGAUGACAAAGAUCCAAAUUUCAAAGAU,hnRNP/hnRNP/hnRNP/hnRNP/TIA1/hnRNP/TIA1/hnRNP/TIA1/hnRNP/TIA1/SR_protein/hnRNP/SR_protein/hnRNP/SR_protein/hnRNP/SR_protein/hnRNP/SR_protein/TIA1/hnRNP/hnRNP/hnRNP/hnRNP/TIA1/hnRNP/TIA1/hnRNP/TIA1/hnRNP/TIA1/hnRNP/TIA1/hnRNP/TIA1/hnRNP/SR_protein/hnRNP/SR_protein/TIA1,rich_region+rich_region+rich_region+rich_region+rich_region+rich_region+rich_region+rich_region+rich_region+rich_region+rich_region+rich_region+rich_region+rich_region+rich_region+rich_region+rich_region+rich_region+rich_region+rich_region+rich_region+rich_region+rich_region+rich_region+rich_region+rich_region+rich_region+rich_region+rich_region+rich_region+rich_region+rich_region+rich_region+rich_region+rich_region+rich_region+rich_region+rich_region+rich_region+rich_region+rich_region,CA-rich region + CA-rich region + UA-rich region + CA-rich region + AU-rich region + UA-rich region + AU-rich region + UA-rich region + AU-rich region + UA-rich region + AU-rich region + GA-rich region + CA-rich region + GA-rich region + CA-rich region + GA-rich region + CA-rich region + GA-rich region + UA-rich region + GA-rich region + AU-rich region + CA-rich region + CA-rich region + CA-rich region + UA-rich region + AU-rich region + UA-rich region + AU-rich region + UA-rich region + AU-rich region + UA-rich region + AU-rich region + UA-rich region + AU-rich region + UA-rich region + AU-rich region + CA-rich region + GA-rich region + UA-rich region + GA-rich region + AU-rich region,0.72,True,,
3079,3086,UCAUUUUG,hnRNP/TIA1/hnRNP/TIA1/hnRNP/TIA1/RNA_helicase,rich_region+rich_region+rich_region+rich_region+rich_region+rich_region+poly_region,UA-rich region + AU-rich region + UA-rich region + AU-rich region + UA-rich region + AU-rich region + poly-U region,0.72,True,,
3088,3095,UGAAUAAG,hnRNP/TIA1/hnRNP/SR_protein/TIA1/hnRNP/SR_protein/TIA1,rich_region+rich_region+rich_region+rich_region+rich_region+rich_region+rich_region+rich_region,UA-rich region + AU-rich region + UA-rich region + GA-rich region + AU-rich region + UA-rich region + GA-rich region + AU-rich region,0.72,True,,
3096,3103,CAUAUUGA,hnRNP/TIA1/hnRNP/TIA1/hnRNP/TIA1,rich_region+rich_region+rich_region+rich_region+rich_region+rich_region,UA-rich region + AU-rich region + UA-rich region + AU-rich region + UA-rich region + AU-rich region,0.72,True,,
3106,3131,CAUACAAAACAUUCCCACCAACAGAG,hnRNP/hnRNP/hnRNP/TIA1/hnRNP/hnRNP/TIA1/hnRNP/hnRNP/SR_protein/TIA1/hnRNP/hnRNP/hnRNP/SR_protein/TIA1/hnRNP/hnRNP/TIA1/hnRNP/TIA1/hnRNP/hnRNP/hnRNP/hnRNP/hnRNP/hnRNP/hnRNP/hnRNP/SR_protein/SR_protein,rich_region+rich_region+rich_region+rich_region+rich_region+rich_region+rich_region+rich_region+rich_region+rich_region+rich_region+rich_region+rich_region+rich_region+rich_region+rich_region+rich_region+rich_region+rich_region+rich_region+rich_region+rich_region+rich_region+rich_region+rich_region+rich_region+rich_region+rich_region+rich_region+rich_region+rich_region,CA-rich region + UA-rich region + CA-rich region + AU-rich region + UA-rich region + CA-rich region + AU-rich region + UA-rich region + CA-rich region + GA-rich region + AU-rich region + CA-rich region + UA-rich region + CA-rich region + GA-rich region + AU-rich region + UA-rich region + CA-rich region + AU-rich region + UA-rich region + AU-rich region + CA-rich region + CA-rich region + CA-rich region + CA-rich region + CA-rich region + CA-rich region + CA-rich region + CA-rich region + GA-rich region + GA-rich region,0.72,True,,
3132,3157,CCUAAAAAGGACAAAAAGAAGAAGGC,hnRNP/hnRNP/hnRNP/TIA1/hnRNP/hnRNP/SR_protein/TIA1/hnRNP/hnRNP/SR_protein/TIA1/SR_protein/SR_protein/SR_protein/SR_protein/SR_protein/hnRNP/SR_protein/hnRNP/hnRNP/SR_protein/TIA1/hnRNP/hnRNP/SR_protein/TIA1/hnRNP/hnRNP/SR_protein/TIA1/hnRNP/hnRNP/SR_protein/TIA1/hnRNP/hnRNP/SR_protein/TIA1/SR_protein/SR_protein/SR_protein/SR_protein/SR_protein/SR_protein,rich_region+rich_region+rich_region+rich_region+rich_region+rich_region+rich_region+rich_region+rich_region+rich_region+rich_region+rich_region+rich_region+rich_region+rich_region+rich_region+rich_region+rich_region+rich_region+rich_region+rich_region+rich_region+rich_region+rich_region+rich_region+rich_region+rich_region+rich_region+rich_region+rich_region+rich_region+rich_region+rich_region+rich_region+rich_region+rich_region+rich_region+rich_region+rich_region+rich_region+rich_region+rich_region+rich_region+rich_region+rich_region,CA-rich region + UA-rich region + CA-rich region + AU-rich region + UA-rich region + CA-rich region + GA-rich region + AU-rich region + UA-rich region + CA-rich region + GA-rich region + AU-rich region + GA-rich region + GA-rich region + GA-rich region + GA-rich region + GA-rich region + CA-rich region + GA-rich region + UA-rich region + CA-rich region + GA-rich region + AU-rich region + UA-rich region + CA-rich region + GA-rich region + AU-rich region + UA-rich region + CA-rich region + GA-rich region + AU-rich region + UA-rich region + CA-rich region + GA-rich region + AU-rich region + UA-rich region + CA-rich region + GA-rich region + AU-rich region + GA-rich region + GA-rich region + GA-rich region + GA-rich region + GA-rich region + GA-rich region,0.72,True,,
3159,3173,GAUGAAACUCAAGCC,SR_protein/hnRNP/SR_protein/TIA1/hnRNP/hnRNP/hnRNP/hnRNP,rich_region+rich_region+rich_region+rich_region+rich_region+rich_region+rich_region+rich_region,GA-rich region + UA-rich region + GA-rich region + AU-rich region + CA-rich region + CA-rich region + CA-rich region + CA-rich region,0.72,True,,
3176,3203,ACCGCAGAGACAGAAGAAACAGCAAACU,hnRNP/SR_protein/SR_protein/SR_protein/SR_protein/SR_protein/SR_protein/hnRNP/SR_protein/SR_protein/SR_protein/SR_protein/hnRNP/hnRNP/SR_protein/TIA1/hnRNP/SR_protein/hnRNP/SR_protein/hnRNP/SR_protein/hnRNP/hnRNP/hnRNP/hnRNP/SR_protein/hnRNP/hnRNP,rich_region+rich_region+rich_region+rich_region+rich_region+rich_region+rich_region+rich_region+rich_region+rich_region+rich_region+rich_region+rich_region+rich_region+rich_region+rich_region+rich_region+rich_region+rich_region+rich_region+rich_region+rich_region+rich_region+rich_region+rich_region+rich_region+rich_region+rich_region+rich_region,CA-rich region + GA-rich region + GA-rich region + GA-rich region + GA-rich region + GA-rich region + GA-rich region + CA-rich region + GA-rich region + GA-rich region + GA-rich region + GA-rich region + UA-rich region + CA-rich region + GA-rich region + AU-rich region + CA-rich region + GA-rich region + CA-rich region + GA-rich region + CA-rich region + GA-rich region + CA-rich region + CA-rich region + CA-rich region + CA-rich region + GA-rich region + CA-rich region + CA-rich region,0.72,True,,
3224,3229,AGAUUU,hnRNP/TIA1,rich_region+rich_region,UA-rich region + AU-rich region,0.72,True,,
3230,3250,GGAUGAUUUCUCCAAACAAUU,SR_protein/hnRNP/TIA1/hnRNP/TIA1/hnRNP/TIA1/hnRNP/hnRNP/hnRNP/hnRNP/hnRNP/hnRNP/SR_protein/TIA1/hnRNP/hnRNP/TIA1/hnRNP/TIA1,rich_region+rich_region+rich_region+rich_region+rich_region+rich_region+rich_region+rich_region+rich_region+rich_region+rich_region+rich_region+rich_region+rich_region+rich_region+rich_region+rich_region+rich_region+rich_region+rich_region,GA-rich region + UA-rich region + AU-rich region + UA-rich region + AU-rich region + UA-rich region + AU-rich region + CA-rich region + CA-rich region + CA-rich region + CA-rich region + UA-rich region + CA-rich region + GA-rich region + AU-rich region + UA-rich region + CA-rich region + AU-rich region + UA-rich region + AU-rich region,0.72,True,,
3274,3283,ACUCAACUCA,hnRNP/hnRNP/hnRNP/hnRNP,rich_region+rich_region+rich_region+rich_region,CA-rich region + CA-rich region + CA-rich region + CA-rich region,0.72,True,,
34,48,GUUAAUAGUUAAUAG,hnRNP/TIA1/hnRNP/TIA1/hnRNP/TIA1/hnRNP/TIA1/hnRNP/TIA1/hnRNP/TIA1/hnRNP/TIA1/hnRNP/TIA1/hnRNP/TIA1/hnRNP/TIA1,rich_region+rich_region+rich_region+rich_region+rich_region+rich_region+rich_region+rich_region+rich_region+rich_region+rich_region+rich_region+rich_region+rich_region+rich_region+rich_region+rich_region+rich_region+rich_region+rich_region,UA-rich region + AU-rich region + UA-rich region + AU-rich region + UA-rich region + AU-rich region + UA-rich region + AU-rich region + UA-rich region + AU-rich region + UA-rich region + AU-rich region + UA-rich region + AU-rich region + UA-rich region + AU-rich region + UA-rich region + AU-rich region + UA-rich region + AU-rich region,0.6,True,,
75,81,UAUUCUU,hnRNP/TIA1/hnRNP/TIA1,rich_region+rich_region+rich_region+rich_region,UA-rich region + AU-rich region + UA-rich region + AU-rich region,0.6,True,,
84,94,UAGUUACACUA,hnRNP/TIA1/hnRNP,rich_region+rich_region+rich_region,UA-rich region + AU-rich region + CA-rich region,0.6,True,,
96,101,CCAUCC,hnRNP,rich_region,CA-rich region,0.6,,False,0.3333333333333333
282,287,GGCAGA,SR_protein,rich_region,GA-rich region,0.6,,False,0.5
289,295,UCCAACG,hnRNP/hnRNP,rich_region+rich_region,CA-rich region + CA-rich region,0.6,True,,
365,370,UUACAU,hnRNP/TIA1,rich_region+rich_region,UA-rich region + AU-rich region,0.6,True,,
373,378,AUUUGU,hnRNP/TIA1,rich_region+rich_region,UA-rich region + AU-rich region,0.6,True,,
382,391,CUACAAUUUG,hnRNP/hnRNP/TIA1/hnRNP/TIA1/hnRNP/TIA1/hnRNP/TIA1,rich_region+rich_region+rich_region+rich_region+rich_region+rich_region+rich_region+rich_region+rich_region,CA-rich region + UA-rich region + AU-rich region + UA-rich region + AU-rich region + UA-rich region + AU-rich region + UA-rich region + AU-rich region,0.6,True,,
637,642,CUCAAC,hnRNP,rich_region,CA-rich region,0.6,,False,0.3333333333333333
658,665,ACUAUUCU,hnRNP/TIA1/hnRNP/TIA1,rich_region+rich_region+rich_region+rich_region,UA-rich region + AU-rich region + UA-rich region + AU-rich region,0.6,True,,
667,674,ACCAGACC,hnRNP/hnRNP/hnRNP,rich_region+rich_region+rich_region,CA-rich region + CA-rich region + CA-rich region,0.6,True,,
680,690,UAGAAAGUGAA,hnRNP/SR_protein/TIA1/SR_protein/SR_protein/SR_protein/SR_protein/SR_protein,rich_region+rich_region+rich_region+rich_region+rich_region+rich_region+rich_region+rich_region,UA-rich region + GA-rich region + AU-rich region + GA-rich region + GA-rich region + GA-rich region + GA-rich region + GA-rich region,0.6,True,,
737,745,GACACCAUC,hnRNP/hnRNP/hnRNP/hnRNP,rich_region+rich_region+rich_region+rich_region,CA-rich region + CA-rich region + CA-rich region + CA-rich region,0.6,True,,
747,752,AGGACG,SR_protein,rich_region,GA-rich region,0.6,,False,0.3333333333333333
855,858,UUUU,RNA_helicase,poly_region,poly-U region,0.6,,True,1.0
863,868,CAUACA,hnRNP,rich_region,CA-rich region,0.6,,False,0.16666666666666666
875,880,ACAGGA,SR_protein,rich_region,GA-rich region,0.6,,False,0.3333333333333333
1086,1092,CACUAAC,hnRNP/hnRNP,rich_region+rich_region,CA-rich region + CA-rich region,0.6,True,,
1300,1313,UGAUAACAAAUUUG,hnRNP/TIA1/hnRNP/hnRNP/TIA1/hnRNP/hnRNP/TIA1/hnRNP/hnRNP/SR_protein/TIA1/hnRNP/hnRNP/TIA1/hnRNP/TIA1/hnRNP/TIA1/hnRNP/TIA1,rich_region+rich_region+rich_region+rich_region+rich_region+rich_region+rich_region+rich_region+rich_region+rich_region+rich_region+rich_region+rich_region+rich_region+rich_region+rich_region+rich_region+rich_region+rich_region+rich_region+rich_region,UA-rich region + AU-rich region + UA-rich region + CA-rich region + AU-rich region + UA-rich region + CA-rich region + AU-rich region + UA-rich region + CA-rich region + GA-rich region + AU-rich region + UA-rich region + CA-rich region + AU-rich region + UA-rich region + AU-rich region + UA-rich region + AU-rich region + UA-rich region + AU-rich region,0.6,True,,
1342,1345,UUUU,RNA_helicase,poly_region,poly-U region,0.6,,True,1.0
1361,1370,GUAAAACACG,hnRNP/SR_protein/TIA1/hnRNP/hnRNP/TIA1/hnRNP/hnRNP/SR_protein/TIA1/hnRNP/hnRNP,rich_region+rich_region+rich_region+rich_region+rich_region+rich_region+rich_region+rich_region+rich_region+rich_region+rich_region+rich_region,UA-rich region + GA-rich region + AU-rich region + UA-rich region + CA-rich region + AU-rich region + UA-rich region + CA-rich region + GA-rich region + AU-rich region + CA-rich region + CA-rich region,0.6,True,,
1468,1485,AAUAGUGUUUAUAACACU,hnRNP/TIA1/hnRNP/TIA1/hnRNP/TIA1/hnRNP/TIA1/hnRNP/TIA1/hnRNP/TIA1/hnRNP/hnRNP/TIA1/hnRNP/hnRNP,rich_region+rich_region+rich_region+rich_region+rich_region+rich_region+rich_region+rich_region+rich_region+rich_region+rich_region+rich_region+rich_region+rich_region+rich_region+rich_region+rich_region,UA-rich region + AU-rich region + UA-rich region + AU-rich region + UA-rich region + AU-rich region + UA-rich region + AU-rich region + UA-rich region + AU-rich region + UA-rich region + AU-rich region + UA-rich region + CA-rich region + AU-rich region + CA-rich region + CA-rich region,0.6,True,,
1548,1555,CUUUUUAG,hnRNP/TIA1/hnRNP/TIA1/RNA_helicase/hnRNP/TIA1,rich_region+rich_region+rich_region+rich_region+poly_region+rich_region+rich_region,UA-rich region + AU-rich region + UA-rich region + AU-rich region + poly-U region + UA-rich region + AU-rich region,0.6,True,,
1726,1746,ACUCAACAUCAACCAUAUGUA,hnRNP/hnRNP/hnRNP/hnRNP/hnRNP/hnRNP/hnRNP/hnRNP/hnRNP/hnRNP/hnRNP/hnRNP/hnRNP/TIA1/hnRNP/TIA1,rich_region+rich_region+rich_region+rich_region+rich_region+rich_region+rich_region+rich_region+rich_region+rich_region+rich_region+rich_region+rich_region+rich_region+rich_region+rich_region,CA-rich region + CA-rich region + CA-rich region + CA-rich region + CA-rich region + CA-rich region + CA-rich region + CA-rich region + CA-rich region + CA-rich region + CA-rich region + CA-rich region + UA-rich region + AU-rich region + UA-rich region + AU-rich region,0.6,True,,
1764,1769,UAUUCA,hnRNP/TIA1,rich_region+rich_region,UA-rich region + AU-rich region,0.6,True,,
1836,1843,GGAUGAGG,SR_protein/SR_protein/SR_protein,rich_region+rich_region+rich_region,GA-rich region + GA-rich region + GA-rich region,0.6,True,,
2095,2100,AUUCAA,hnRNP/TIA1,rich_region+rich_region,UA-rich region + AU-rich region,0.6,True,,
2138,2149,AUCAAAACAACG,hnRNP/hnRNP/TIA1/hnRNP/hnRNP/TIA1/hnRNP/hnRNP/hnRNP/SR_protein/TIA1/hnRNP/hnRNP/SR_protein/TIA1/hnRNP/hnRNP,rich_region+rich_region+rich_region+rich_region+rich_region+rich_region+rich_region+rich_region+rich_region+rich_region+rich_region+rich_region+rich_region+rich_region+rich_region+rich_region+rich_region,UA-rich region + CA-rich region + AU-rich region + UA-rich region + CA-rich region + AU-rich region + CA-rich region + UA-rich region + CA-rich region + GA-rich region + AU-rich region + UA-rich region + CA-rich region + GA-rich region + AU-rich region + CA-rich region + CA-rich region,0.6,True,,
2189,2194,CACCGC,hnRNP,rich_region,CA-rich region,0.6,,False,0.16666666666666666
2198,2207,CACUCAACAU,hnRNP/hnRNP/hnRNP/hnRNP/hnRNP,rich_region+rich_region+rich_region+rich_region+rich_region,CA-rich region + CA-rich region + CA-rich region + CA-rich region + CA-rich region,0.6,True,,
2232,2244,CGAGGACAAGGCG,SR_protein/SR_protein/SR_protein/SR_protein/SR_protein/SR_protein/SR_protein,rich_region+rich_region+rich_region+rich_region+rich_region+rich_region+rich_region,GA-rich region + GA-rich region + GA-rich region + GA-rich region + GA-rich region + GA-rich region + GA-rich region,0.6,True,,
2248,2262,CAAUUAACACCAAUA,hnRNP/TIA1/hnRNP/TIA1/hnRNP/TIA1/hnRNP/TIA1/hnRNP/hnRNP/hnRNP/hnRNP/hnRNP/hnRNP,rich_region+rich_region+rich_region+rich_region+rich_region+rich_region+rich_region+rich_region+rich_region+rich_region+rich_region+rich_region+rich_region+rich_region,UA-rich region + AU-rich region + UA-rich region + AU-rich region + UA-rich region + AU-rich region + UA-rich region + AU-rich region + CA-rich region + CA-rich region + CA-rich region + CA-rich region + CA-rich region + CA-rich region,0.6,True,,
2368,2374,UAGGAAC,SR_protein/SR_protein,rich_region+rich_region,GA-rich region + GA-rich region,0.6,True,,
2418,2424,AUCAUAU,hnRNP/TIA1/hnRNP/TIA1,rich_region+rich_region+rich_region+rich_region,UA-rich region + AU-rich region + UA-rich region + AU-rich region,0.6,True,,
2654,2661,UAGAAUGG,hnRNP/TIA1/SR_protein/SR_protein,rich_region+rich_region+rich_region+rich_region,UA-rich region + AU-rich region + GA-rich region + GA-rich region,0.6,True,,
2918,2931,UGAUUACAAACAUU,hnRNP/TIA1/hnRNP/TIA1/hnRNP/TIA1/hnRNP/hnRNP/TIA1/hnRNP/hnRNP/hnRNP/hnRNP/TIA1/hnRNP/TIA1,rich_region+rich_region+rich_region+rich_region+rich_region+rich_region+rich_region+rich_region+rich_region+rich_region+rich_region+rich_region+rich_region+rich_region+rich_region+rich_region,UA-rich region + AU-rich region + UA-rich region + AU-rich region + UA-rich region + AU-rich region + UA-rich region + CA-rich region + AU-rich region + CA-rich region + CA-rich region + UA-rich region + CA-rich region + AU-rich region + UA-rich region + AU-rich region,0.6,True,,
3251,3261,GCAACAAUCCA,hnRNP/hnRNP/hnRNP/hnRNP/TIA1/hnRNP/hnRNP/hnRNP,rich_region+rich_region+rich_region+rich_region+rich_region+rich_region+rich_region+rich_region,CA-rich region + CA-rich region + UA-rich region + CA-rich region + AU-rich region + CA-rich region + CA-rich region + CA-rich region,0.6,True,,
3263,3268,GAGCAG,SR_protein,rich_region,GA-rich region,0.6,,False,0.5
