start,end,length,sequence,average_conservation,type
2508,2618,111,taattccggcgttgccatttaccatagatataaggcaggtaattacaggagtccgcctattacggcggatattgaacttgcattgcttcgagcttaggctctttagtaaga,1.0,mixed
3973,4081,109,taaacgttttcgcaattccgtttacgatacatagtctactcttgtgcagaatgaattctcgtaactaaacagcacaagtaggtttagttaactttaatctcacatagca,1.0,mixed
299,357,59,ctactgtgctaacatacatagatttaagcctgtgtatagagttaacacggcaatcccta,1.0,mixed
411,463,53,cctttacatatgtcaatctctaaattgcatgcactggatgatgttactcgcaa,1.0,mixed
1402,1437,36,aaacggcaatgtttccactgttttcgtgcctgcaac,1.0,mixed
2261,2294,34,atggtggtcattcaatcctgagactaattgcctt,1.0,mixed
1870,1901,32,tatgacgcaactcactgaggcgcagattattg,1.0,mixed
557,586,30,atacggtcttccaatcagggtaataaacaa,1.0,mixed
1192,1221,30,gtacagtaagtgacaacagatgtttcatct,1.0,mixed
3629,3656,28,ttggcatggaagtcacaccttcgggaac,1.0,mixed
51,77,27,tacttctttttcttgctttcgtggtat,1.0,mixed
928,954,27,gtacattatccaactggaagttgcctg,1.0,mixed
128,153,26,tggcggccaacctgtttctgagtacc,1.0,mixed
2148,2172,25,tgtcctattcacttctattctaaat,1.0,mixed
3770,3791,22,agcctaaaaaggacaaaaagaa,1.0,mixed
3682,3702,21,aaattggatgacaaagatcca,1.0,mixed
502,521,20,aacaatggaacctagtaata,1.0,mixed
1590,1609,20,tgtccaagaacgaatagggt,1.0,mixed
3841,3860,20,actgtgactcttcttcctgc,1.0,mixed
200,217,18,agatttttcacccattgc,1.0,mixed
1174,1190,17,gacaatattgctttgct,1.0,mixed
3739,3755,17,attgacgcatacaaaac,1.0,mixed
3956,3971,16,aaggcagatgggctat,1.0,mixed
2216,2230,15,ctttgtgctctagga,1.0,mixed
2670,2684,15,gctgcacctcgtgct,1.0,mixed
3869,3883,15,tggatgatttctcca,1.0,mixed
1138,1151,14,aactataaattaaa,1.0,mixed
1536,1549,14,taaaagaaccttgc,1.0,mixed
172,184,13,taaatctcactga,1.0,mixed
3224,3236,13,actcttccagatc,1.0,mixed
3908,3920,13,gagcttctgctga,1.0,mixed
108,119,12,cacaattggctt,1.0,mixed
618,629,12,atcatccaggat,1.0,mixed
1808,1819,12,ggatagtaaacc,1.0,mixed
1998,2009,12,gtagtatgactg,1.0,mixed
2017,2028,12,ctaaacgaacat,1.0,mixed
2084,2095,12,gttgcatatgca,1.0,mixed
2626,2637,12,aattgattttaa,1.0,mixed
3358,3369,12,cttgagagcaaa,1.0,mixed
3934,3945,12,taaacactcatg,1.0,mixed
755,765,11,ggcttgatgtg,1.0,mixed
999,1009,11,cgctgtgacat,1.0,mixed
1908,1918,11,ttaaagactgg,1.0,mixed
2048,2058,11,ggaatcatcac,1.0,mixed
3407,3417,11,tcactaagaaa,1.0,mixed
3817,3827,11,ccgcagagaca,1.0,mixed
3922,3932,11,tcaactcaggc,1.0,mixed
844,853,10,tgtcgtcgca,1.0,mixed
1744,1753,10,ttcaacaaga,1.0,mixed
2438,2447,10,atgaagtcac,1.0,mixed
2721,2730,10,aacctatctc,1.0,mixed
2319,2327,9,actgtcgta,1.0,mixed
2355,2363,9,gtaactgct,1.0,mixed
2483,2491,9,tggtgaagc,1.0,mixed
3286,3294,9,ggtccatct,1.0,mixed
608,615,8,aggttttt,1.0,mixed
804,811,8,gtgtctca,1.0,mixed
1223,1230,8,gttgactt,1.0,mixed
1232,1239,8,caggttac,1.0,mixed
1958,1965,8,ttttggtt,1.0,mixed
2988,2995,8,ggaactgg,1.0,mixed
3420,3427,8,tgctgctg,1.0,mixed
3577,3584,8,caaattgc,1.0,mixed
3706,3713,8,ttcaaaga,1.0,mixed
3898,3905,8,tccatgag,1.0,mixed
27,33,7,caggtac,1.0,mixed
780,786,7,ttgcttc,1.0,mixed
1459,1465,7,cataatc,1.0,mixed
2772,2778,7,ccccaag,1.0,mixed
2799,2805,7,tcttggt,1.0,mixed
3082,3088,7,acattgg,1.0,mixed
3725,3731,7,tgctgaa,1.0,mixed
984,989,6,ggacac,1.0,mixed
1382,1387,6,atggag,1.0,mixed
2747,2752,6,tggggc,1.0,mixed
2758,2763,6,caaaac,1.0,mixed
3033,3038,6,ggcatc,1.0,mixed
3186,3191,6,agtcaa,1.0,mixed
3205,3210,6,cctcat,1.0,mixed
3279,3284,6,ttctcc,1.0,mixed
3570,3575,6,ttggcc,1.0,mixed
